Lat,Lon,Times_exceeded
52.281,20.982,21.0
52.225,21.048,21.0
52.226,21.053,21.0
52.226,21.052,20.0
52.226,21.051,20.0
52.225,21.049,19.0
52.221,21.032,19.0
52.297,20.996,18.0
52.216,20.915,16.0
52.242,21.05,16.0
52.226,21.05,16.0
52.275,20.97,16.0
52.214,20.955,16.0
52.225,21.046,15.0
52.203,20.939,15.0
52.288,20.997,15.0
52.287,20.995,15.0
52.207,20.945,14.0
52.295,20.998,14.0
52.225,21.047,14.0
52.299,20.994,14.0
52.285,20.99,14.0
52.231,21.072,13.0
52.289,20.999,13.0
52.3,20.993,13.0
52.296,20.997,13.0
52.286,20.992,13.0
52.284,20.988,13.0
52.287,20.994,13.0
52.283,20.986,12.0
52.204,20.941,12.0
52.286,20.993,12.0
52.184,21.067,12.0
52.276,20.972,12.0
52.28,20.98,12.0
52.22,21.029,12.0
52.221,21.031,12.0
52.298,20.995,12.0
52.213,20.954,12.0
52.215,20.957,11.0
52.222,20.959,11.0
52.224,21.043,11.0
52.221,21.033,11.0
52.208,20.946,11.0
52.301,20.992,11.0
52.244,21.049,11.0
52.278,20.975,11.0
52.209,20.947,11.0
52.277,20.973,10.0
52.282,20.984,10.0
52.285,20.991,10.0
52.317,20.975,10.0
52.288,20.996,10.0
52.192,21.045,10.0
52.159,21.041,10.0
52.232,21.132,10.0
52.224,21.041,10.0
52.219,20.96,10.0
52.231,21.135,10.0
52.245,21.048,10.0
52.233,21.075,9.0
52.226,21.148,9.0
52.217,20.915,9.0
52.239,21.132,9.0
52.205,20.892,9.0
52.225,20.958,9.0
52.215,20.915,9.0
52.195,21.042,9.0
52.314,20.977,9.0
52.318,20.974,9.0
52.283,20.985,9.0
52.222,21.035,9.0
52.231,21.134,9.0
52.235,21.095,9.0
52.187,20.98,9.0
52.231,21.071,9.0
52.293,21.0,9.0
52.227,21.055,8.0
52.255,20.997,8.0
52.224,21.042,8.0
52.227,21.058,8.0
52.217,20.996,8.0
52.14,21.098,8.0
52.204,20.893,8.0
52.211,20.895,8.0
52.194,21.043,8.0
52.218,20.916,8.0
52.276,20.971,8.0
52.273,21.015,8.0
52.277,20.974,8.0
52.225,21.05,8.0
52.224,21.024,8.0
52.214,20.896,8.0
52.22,21.03,8.0
52.264,21.056,8.0
52.299,21.057,8.0
52.237,21.045,8.0
52.199,20.933,8.0
52.236,21.042,8.0
52.221,21.03,8.0
52.217,21.001,8.0
52.115,21.108,8.0
52.281,20.981,8.0
52.222,20.926,8.0
52.234,21.104,8.0
52.31,20.981,8.0
52.185,21.066,7.0
52.212,20.895,7.0
52.301,21.037,7.0
52.24,21.112,7.0
52.223,20.958,7.0
52.316,20.976,7.0
52.169,21.018,7.0
52.297,21.084,7.0
52.101,21.019,7.0
52.232,21.074,7.0
52.195,21.054,7.0
52.217,20.997,7.0
52.256,21.038,7.0
52.234,20.956,7.0
52.215,21.093,7.0
52.283,20.987,7.0
52.237,21.044,7.0
52.23,21.137,7.0
52.102,21.019,7.0
52.125,21.096,7.0
52.137,21.1,7.0
52.228,21.059,7.0
52.233,21.123,7.0
52.161,21.017,7.0
52.169,21.039,7.0
52.233,20.956,7.0
52.232,21.133,7.0
52.23,20.897,7.0
52.217,21.002,7.0
52.266,21.027,7.0
52.218,20.96,7.0
52.284,20.989,7.0
52.205,20.941,7.0
52.095,21.019,7.0
52.23,21.136,7.0
52.283,21.047,7.0
52.208,21.085,7.0
52.289,20.998,7.0
52.217,21.017,7.0
52.302,20.991,7.0
52.204,20.94,7.0
52.221,20.96,7.0
52.292,21.065,7.0
52.214,20.914,7.0
52.22,20.96,7.0
52.113,21.11,7.0
52.3,21.086,7.0
52.21,20.949,7.0
52.187,20.967,7.0
52.219,21.092,7.0
52.135,21.018,7.0
52.235,20.956,7.0
52.232,21.13,6.0
52.236,20.956,6.0
52.224,21.044,6.0
52.198,20.904,6.0
52.219,20.897,6.0
52.2,21.037,6.0
52.224,21.045,6.0
52.217,21.009,6.0
52.298,20.934,6.0
52.306,20.986,6.0
52.187,20.969,6.0
52.266,20.931,6.0
52.224,20.958,6.0
52.297,20.934,6.0
52.162,21.085,6.0
52.237,21.047,6.0
52.217,20.999,6.0
52.265,20.93,6.0
52.213,21.09,6.0
52.143,21.096,6.0
52.173,21.065,6.0
52.217,20.963,6.0
52.232,21.073,6.0
52.294,20.999,6.0
52.212,21.088,6.0
52.245,20.912,6.0
52.141,21.097,6.0
52.258,21.042,6.0
52.26,21.048,6.0
52.246,20.912,6.0
52.229,20.897,6.0
52.285,21.008,6.0
52.243,21.049,6.0
52.199,20.932,6.0
52.296,20.933,6.0
52.289,21.0,6.0
52.229,21.008,6.0
52.222,21.034,6.0
52.287,20.996,6.0
52.137,21.018,6.0
52.224,21.215,6.0
52.227,21.144,6.0
52.275,21.065,6.0
52.233,20.897,6.0
52.292,21.008,6.0
52.296,21.083,6.0
52.282,20.983,6.0
52.207,20.892,6.0
52.176,21.062,6.0
52.295,21.082,6.0
52.298,20.935,6.0
52.136,21.018,6.0
52.259,21.004,6.0
52.158,21.017,6.0
52.234,20.897,6.0
52.226,21.168,6.0
52.2,20.934,6.0
52.114,21.109,6.0
52.206,20.889,6.0
52.198,20.932,6.0
52.235,21.093,6.0
52.226,21.17,6.0
52.241,21.05,6.0
52.18,21.045,6.0
52.197,20.906,6.0
52.167,21.08,6.0
52.236,21.04,5.0
52.278,21.012,5.0
52.303,20.99,5.0
52.304,21.049,5.0
52.169,21.012,5.0
52.196,21.041,5.0
52.218,20.906,5.0
52.234,21.032,5.0
52.217,20.995,5.0
52.203,20.895,5.0
52.208,20.987,5.0
52.284,21.047,5.0
52.193,21.044,5.0
52.274,20.965,5.0
52.226,21.146,5.0
52.117,21.106,5.0
52.306,20.908,5.0
52.29,21.001,5.0
52.275,20.969,5.0
52.319,20.974,5.0
52.303,20.938,5.0
52.252,21.139,5.0
52.201,21.058,5.0
52.164,21.036,5.0
52.26,21.046,5.0
52.262,21.013,5.0
52.234,21.076,5.0
52.121,21.018,5.0
52.13,21.018,5.0
52.16,21.04,5.0
52.358,21.029,5.0
52.158,21.018,5.0
52.265,21.057,5.0
52.161,21.097,5.0
52.168,21.014,5.0
52.182,20.95,5.0
52.216,21.095,5.0
52.294,21.0,5.0
52.229,20.973,5.0
52.293,21.017,5.0
52.234,21.105,5.0
52.217,21.026,5.0
52.26,20.995,5.0
52.167,21.017,5.0
52.203,20.93,5.0
52.233,21.121,5.0
52.257,21.04,5.0
52.177,21.06,5.0
52.193,20.924,5.0
52.299,21.085,5.0
52.116,21.107,5.0
52.195,20.932,5.0
52.238,21.131,5.0
52.315,21.006,5.0
52.17,21.019,5.0
52.217,21.0,5.0
52.263,21.054,5.0
52.223,21.04,5.0
52.203,21.071,5.0
52.214,21.092,5.0
52.303,21.046,5.0
52.291,21.006,5.0
52.195,21.041,5.0
52.173,21.043,5.0
52.219,20.913,5.0
52.256,20.997,5.0
52.233,21.12,5.0
52.257,20.949,5.0
52.248,21.138,5.0
52.226,21.151,5.0
52.196,20.911,5.0
52.214,20.956,5.0
52.235,21.078,5.0
52.285,20.989,5.0
52.212,21.089,5.0
52.126,21.018,5.0
52.311,21.004,5.0
52.156,21.018,5.0
52.274,20.968,5.0
52.388,21.031,5.0
52.159,21.017,5.0
52.274,21.065,5.0
52.159,21.018,5.0
52.183,21.068,5.0
52.259,21.044,5.0
52.216,20.959,5.0
52.144,21.095,5.0
52.21,21.086,5.0
52.252,21.038,5.0
52.262,21.052,5.0
52.226,21.054,5.0
52.236,21.13,5.0
52.245,21.049,5.0
52.217,21.01,5.0
52.315,20.976,5.0
52.22,20.914,5.0
52.12,21.018,5.0
52.313,20.967,5.0
52.228,21.001,5.0
52.201,20.936,5.0
52.265,21.025,5.0
52.234,21.077,5.0
52.294,21.017,5.0
52.226,21.173,5.0
52.218,20.896,5.0
52.224,21.207,4.0
52.303,20.944,4.0
52.347,21.125,4.0
52.226,20.957,4.0
52.301,21.039,4.0
52.3,20.938,4.0
52.25,21.139,4.0
52.225,21.192,4.0
52.267,21.03,4.0
52.125,21.018,4.0
52.168,21.018,4.0
52.167,21.018,4.0
52.236,21.043,4.0
52.234,21.102,4.0
52.303,20.906,4.0
52.233,21.118,4.0
52.304,20.907,4.0
52.229,20.976,4.0
52.191,21.074,4.0
52.225,21.186,4.0
52.158,21.043,4.0
52.178,21.074,4.0
52.368,21.029,4.0
52.341,21.12,4.0
52.204,21.049,4.0
52.227,21.097,4.0
52.264,21.055,4.0
52.209,20.948,4.0
52.163,21.017,4.0
52.186,20.972,4.0
52.153,21.092,4.0
52.239,20.908,4.0
52.275,21.014,4.0
52.214,21.017,4.0
52.215,21.016,4.0
52.217,21.004,4.0
52.251,21.04,4.0
52.281,21.011,4.0
52.189,20.961,4.0
52.191,20.92,4.0
52.225,21.178,4.0
52.233,21.122,4.0
52.202,21.116,4.0
52.283,21.009,4.0
52.226,21.149,4.0
52.134,21.018,4.0
52.282,21.01,4.0
52.307,21.061,4.0
52.157,21.191,4.0
52.181,20.991,4.0
52.218,21.026,4.0
52.12,21.1,4.0
52.198,20.912,4.0
52.251,21.148,4.0
52.239,21.081,4.0
52.181,21.045,4.0
52.158,21.088,4.0
52.188,20.98,4.0
52.216,20.961,4.0
52.223,21.041,4.0
52.231,21.073,4.0
52.287,21.007,4.0
52.225,21.199,4.0
52.213,21.091,4.0
52.302,20.941,4.0
52.191,20.953,4.0
52.302,21.088,4.0
52.295,21.016,4.0
52.209,21.086,4.0
52.222,20.923,4.0
52.217,21.016,4.0
52.206,20.892,4.0
52.205,21.081,4.0
52.302,21.041,4.0
52.18,20.877,4.0
52.198,20.931,4.0
52.116,21.018,4.0
52.302,20.939,4.0
52.2,21.05,4.0
52.227,20.897,4.0
52.213,20.896,4.0
52.268,20.932,4.0
52.179,21.045,4.0
52.154,21.091,4.0
52.218,20.909,4.0
52.172,21.042,4.0
52.293,21.01,4.0
52.236,21.058,4.0
52.215,20.965,4.0
52.199,20.919,4.0
52.174,21.016,4.0
52.216,20.96,4.0
52.202,20.938,4.0
52.23,21.024,4.0
52.236,21.091,4.0
52.262,21.051,4.0
52.197,20.912,4.0
52.229,20.974,4.0
52.3,20.992,4.0
52.18,20.992,4.0
52.263,20.952,4.0
52.25,20.956,4.0
52.235,20.897,4.0
52.156,21.186,4.0
52.279,20.923,4.0
52.251,21.026,4.0
52.162,21.106,4.0
52.101,21.115,4.0
52.217,20.993,4.0
52.311,20.98,4.0
52.182,21.045,4.0
52.131,21.088,4.0
52.264,20.949,4.0
52.187,21.002,4.0
52.233,21.119,4.0
52.261,21.049,4.0
52.196,21.053,4.0
52.309,21.005,4.0
52.307,21.007,4.0
52.21,20.95,4.0
52.217,21.003,4.0
52.147,21.094,4.0
52.375,21.148,4.0
52.263,21.017,4.0
52.238,21.08,4.0
52.153,21.066,4.0
52.298,20.994,4.0
52.256,20.949,4.0
52.147,21.062,4.0
52.157,21.089,4.0
52.235,21.092,4.0
52.204,21.076,4.0
52.198,20.92,4.0
52.168,21.037,4.0
52.372,21.146,4.0
52.262,21.012,4.0
52.22,21.028,4.0
52.206,20.987,4.0
52.205,20.942,4.0
52.212,20.973,4.0
52.225,21.196,4.0
52.291,21.005,4.0
52.249,21.179,4.0
52.383,21.029,4.0
52.182,20.984,4.0
52.228,21.033,4.0
52.186,21.046,4.0
52.222,21.038,4.0
52.283,21.072,4.0
52.225,21.194,4.0
52.224,21.212,4.0
52.153,21.067,4.0
52.356,21.132,4.0
52.284,21.009,4.0
52.225,21.185,4.0
52.288,20.998,4.0
52.236,21.09,4.0
52.225,21.191,4.0
52.294,21.081,4.0
52.221,21.034,4.0
52.251,21.062,4.0
52.172,21.043,4.0
52.161,21.101,4.0
52.244,20.912,4.0
52.182,20.892,4.0
52.307,20.909,4.0
52.278,20.994,4.0
52.279,20.993,4.0
52.301,20.939,4.0
52.237,21.13,4.0
52.29,21.0,4.0
52.349,21.127,4.0
52.292,21.007,4.0
52.168,21.036,4.0
52.233,21.076,4.0
52.204,21.074,4.0
52.237,21.058,4.0
52.308,21.061,4.0
52.266,21.026,4.0
52.332,21.112,4.0
52.249,21.138,4.0
52.247,20.958,4.0
52.225,21.045,4.0
52.239,20.91,4.0
52.235,21.094,4.0
52.224,21.217,4.0
52.225,21.193,4.0
52.249,20.957,4.0
52.164,21.017,4.0
52.157,21.017,4.0
52.215,20.958,4.0
52.195,20.91,4.0
52.085,21.021,4.0
52.219,21.024,4.0
52.333,21.113,4.0
52.226,21.147,4.0
52.217,20.998,4.0
52.219,21.023,4.0
52.245,21.09,4.0
52.186,20.98,4.0
52.236,21.129,4.0
52.185,20.973,3.0
52.232,21.131,3.0
52.301,21.087,3.0
52.128,21.097,3.0
52.247,21.142,3.0
52.202,20.985,3.0
52.251,21.003,3.0
52.273,20.968,3.0
52.28,21.046,3.0
52.161,21.1,3.0
52.248,21.02,3.0
52.295,20.932,3.0
52.188,20.966,3.0
52.292,21.062,3.0
52.229,20.912,3.0
52.233,21.128,3.0
52.169,21.072,3.0
52.261,20.994,3.0
52.198,20.921,3.0
52.244,21.092,3.0
52.186,20.97,3.0
52.23,21.138,3.0
52.297,21.055,3.0
52.292,21.06,3.0
52.23,21.224,3.0
52.225,21.182,3.0
52.259,21.045,3.0
52.094,21.131,3.0
52.256,21.141,3.0
52.204,21.075,3.0
52.233,21.124,3.0
52.223,20.99,3.0
52.35,21.127,3.0
52.272,21.016,3.0
52.315,21.008,3.0
52.254,21.14,3.0
52.177,21.075,3.0
52.24,21.259,3.0
52.237,21.046,3.0
52.204,21.078,3.0
52.169,21.011,3.0
52.194,21.002,3.0
52.212,20.87,3.0
52.205,21.08,3.0
52.184,20.977,3.0
52.234,21.101,3.0
52.267,21.032,3.0
52.243,21.17,3.0
52.226,21.067,3.0
52.215,20.964,3.0
52.26,21.007,3.0
52.128,21.018,3.0
52.117,20.892,3.0
52.255,20.898,3.0
52.176,20.913,3.0
52.151,21.062,3.0
52.284,21.073,3.0
52.229,20.91,3.0
52.265,20.947,3.0
52.15,21.092,3.0
52.152,21.064,3.0
52.217,21.006,3.0
52.166,21.018,3.0
52.192,20.894,3.0
52.207,21.062,3.0
52.305,20.988,3.0
52.226,21.163,3.0
52.299,20.993,3.0
52.238,20.896,3.0
52.264,20.948,3.0
52.279,21.069,3.0
52.208,21.055,3.0
52.202,21.061,3.0
52.236,21.085,3.0
52.26,21.006,3.0
52.166,20.933,3.0
52.215,21.046,3.0
52.261,21.05,3.0
52.185,21.065,3.0
52.25,21.023,3.0
52.415,21.038,3.0
52.156,21.046,3.0
52.209,20.868,3.0
52.141,21.018,3.0
52.239,21.042,3.0
52.296,20.996,3.0
52.331,20.936,3.0
52.225,21.19,3.0
52.227,21.146,3.0
52.21,21.087,3.0
52.249,21.145,3.0
52.294,20.932,3.0
52.233,21.13,3.0
52.225,21.175,3.0
52.302,20.905,3.0
52.161,21.018,3.0
52.138,21.018,3.0
52.228,21.246,3.0
52.168,21.043,3.0
52.315,21.099,3.0
52.295,21.054,3.0
52.24,20.939,3.0
52.163,21.018,3.0
52.118,21.018,3.0
52.235,21.036,3.0
52.213,21.018,3.0
52.316,21.099,3.0
52.236,21.086,3.0
52.347,21.029,3.0
52.302,21.043,3.0
52.254,20.91,3.0
52.211,21.087,3.0
52.304,21.048,3.0
52.293,21.016,3.0
52.318,20.965,3.0
52.203,20.938,3.0
52.208,20.892,3.0
52.309,20.883,3.0
52.303,21.044,3.0
52.248,21.018,3.0
52.227,21.056,3.0
52.157,21.31,3.0
52.219,21.025,3.0
52.234,21.031,3.0
52.211,20.951,3.0
52.351,21.029,3.0
52.227,21.145,3.0
52.158,20.924,3.0
52.251,21.016,3.0
52.295,21.017,3.0
52.254,20.898,3.0
52.311,20.979,3.0
52.229,20.972,3.0
52.215,21.026,3.0
52.166,21.026,3.0
52.214,21.006,3.0
52.215,21.123,3.0
52.112,21.111,3.0
52.166,21.02,3.0
52.199,20.874,3.0
52.236,21.041,3.0
52.191,20.907,3.0
52.229,20.965,3.0
52.202,21.05,3.0
52.179,21.01,3.0
52.209,21.108,3.0
52.257,21.175,3.0
52.284,20.987,3.0
52.239,20.907,3.0
52.206,21.112,3.0
52.351,21.128,3.0
52.219,21.095,3.0
52.235,21.034,3.0
52.177,21.044,3.0
52.099,20.818,3.0
52.286,21.048,3.0
52.286,20.954,3.0
52.122,21.018,3.0
52.205,21.065,3.0
52.304,20.936,3.0
52.173,21.044,3.0
52.229,20.977,3.0
52.202,21.062,3.0
52.336,21.029,3.0
52.243,21.223,3.0
52.23,21.022,3.0
52.288,21.006,3.0
52.217,21.011,3.0
52.213,20.955,3.0
52.316,21.009,3.0
52.212,20.989,3.0
52.199,20.918,3.0
52.359,21.029,3.0
52.194,20.941,3.0
52.163,21.108,3.0
52.315,20.972,3.0
52.217,21.015,3.0
52.294,21.016,3.0
52.167,21.081,3.0
52.258,20.993,3.0
52.376,21.149,3.0
52.182,21.002,3.0
52.186,20.979,3.0
52.208,21.134,3.0
52.194,20.939,3.0
52.131,20.968,3.0
52.239,20.948,3.0
52.151,21.058,3.0
52.274,21.143,3.0
52.215,21.094,3.0
52.185,20.901,3.0
52.127,21.018,3.0
52.27,20.962,3.0
52.218,20.983,3.0
52.292,21.006,3.0
52.129,21.018,3.0
52.225,21.189,3.0
52.184,20.952,3.0
52.163,20.986,3.0
52.242,21.069,3.0
52.273,21.143,3.0
52.292,21.009,3.0
52.208,21.053,3.0
52.131,21.085,3.0
52.268,21.06,3.0
52.287,21.026,3.0
52.298,21.013,3.0
52.248,20.911,3.0
52.204,20.908,3.0
52.217,20.994,3.0
52.118,21.104,3.0
52.174,21.015,3.0
52.225,21.181,3.0
52.259,21.001,3.0
52.168,21.223,3.0
52.245,20.958,3.0
52.274,20.937,3.0
52.166,21.022,3.0
52.225,21.195,3.0
52.308,21.085,3.0
52.226,21.165,3.0
52.217,21.008,3.0
52.273,20.835,3.0
52.217,20.962,3.0
52.155,21.018,3.0
52.39,21.032,3.0
52.119,21.018,3.0
52.307,21.065,3.0
52.176,21.008,3.0
52.116,21.019,3.0
52.181,20.949,3.0
52.207,21.111,3.0
52.177,20.87,3.0
52.226,21.152,3.0
52.32,21.023,3.0
52.161,21.116,3.0
52.198,20.905,3.0
52.34,20.956,3.0
52.246,21.137,3.0
52.225,20.935,3.0
52.196,21.176,3.0
52.213,20.972,3.0
52.167,21.016,3.0
52.227,20.996,3.0
52.174,21.079,3.0
52.233,21.126,3.0
52.244,20.897,3.0
52.13,20.986,3.0
52.219,20.974,3.0
52.22,21.09,3.0
52.207,21.164,3.0
52.224,21.202,3.0
52.179,20.947,3.0
52.296,21.015,3.0
52.203,20.915,3.0
52.189,21.061,3.0
52.301,21.038,3.0
52.16,21.018,3.0
52.108,21.113,3.0
52.203,21.115,3.0
52.202,20.915,3.0
52.282,20.982,3.0
52.156,21.017,3.0
52.17,21.009,3.0
52.268,21.035,3.0
52.199,21.038,3.0
52.235,21.009,3.0
52.224,21.205,3.0
52.3,20.904,3.0
52.224,21.162,3.0
52.234,21.06,3.0
52.286,20.991,3.0
52.326,21.028,3.0
52.203,20.894,3.0
52.161,21.103,3.0
52.348,21.126,3.0
52.217,21.096,3.0
52.281,21.01,3.0
52.22,21.136,3.0
52.181,20.989,3.0
52.19,20.92,3.0
52.224,21.213,3.0
52.176,21.021,3.0
52.302,21.011,3.0
52.259,20.951,3.0
52.162,21.017,3.0
52.217,21.226,3.0
52.1,21.115,3.0
52.261,21.009,3.0
52.307,21.068,3.0
52.262,20.993,3.0
52.183,20.982,3.0
52.324,21.027,3.0
52.264,20.922,3.0
52.149,20.914,3.0
52.176,21.196,3.0
52.181,21.074,3.0
52.25,20.911,3.0
52.299,21.013,3.0
52.196,20.907,3.0
52.246,21.048,3.0
52.219,21.093,3.0
52.171,21.019,3.0
52.183,21.058,3.0
52.225,21.198,3.0
52.214,20.979,3.0
52.213,20.914,3.0
52.292,21.001,3.0
52.219,20.896,3.0
52.307,21.063,3.0
52.178,20.872,3.0
52.26,20.918,3.0
52.204,21.114,3.0
52.214,20.988,3.0
52.275,20.964,3.0
52.225,21.183,3.0
52.219,20.969,3.0
52.157,21.018,3.0
52.251,21.139,3.0
52.218,20.907,3.0
52.225,21.201,3.0
52.26,20.994,3.0
52.303,21.045,3.0
52.164,21.112,3.0
52.242,21.104,3.0
52.302,21.042,3.0
52.145,21.095,3.0
52.184,21.066,3.0
52.141,20.963,3.0
52.208,20.947,3.0
52.316,20.958,3.0
52.248,20.957,3.0
52.174,21.003,3.0
52.243,21.1,3.0
52.214,21.138,3.0
52.166,21.021,3.0
52.228,21.06,3.0
52.258,21.142,3.0
52.195,20.933,3.0
52.188,21.046,3.0
52.23,21.029,3.0
52.251,20.956,3.0
52.354,20.943,3.0
52.235,21.08,3.0
52.217,20.905,3.0
52.227,20.949,3.0
52.161,21.04,3.0
52.263,21.123,3.0
52.234,21.106,3.0
52.139,21.099,3.0
52.237,21.052,3.0
52.229,20.975,3.0
52.192,20.922,3.0
52.257,21.142,3.0
52.227,20.948,3.0
52.264,20.95,3.0
52.293,21.08,3.0
52.219,20.911,3.0
52.199,21.05,3.0
52.264,20.924,3.0
52.248,21.181,3.0
52.195,20.935,3.0
52.275,20.971,3.0
52.132,20.97,3.0
52.262,21.053,3.0
52.292,21.055,3.0
52.253,21.14,3.0
52.205,21.049,3.0
52.293,21.009,3.0
52.287,21.048,3.0
52.281,20.983,3.0
52.13,20.966,3.0
52.14,20.903,3.0
52.298,21.085,3.0
52.253,21.036,3.0
52.253,20.954,3.0
52.32,20.973,3.0
52.188,21.062,3.0
52.29,21.078,3.0
52.208,21.056,3.0
52.185,21.046,3.0
52.178,21.031,3.0
52.228,20.963,3.0
52.182,20.983,3.0
52.121,21.099,3.0
52.248,20.979,3.0
52.158,21.042,3.0
52.23,21.025,3.0
52.249,20.911,3.0
52.392,21.033,3.0
52.19,21.183,3.0
52.194,20.938,3.0
52.136,21.1,3.0
52.244,20.958,3.0
52.357,21.133,3.0
52.146,21.094,3.0
52.204,21.077,3.0
52.193,21.171,3.0
52.193,21.043,3.0
52.194,20.926,3.0
52.308,21.006,3.0
52.228,20.964,3.0
52.24,20.957,3.0
52.093,21.019,3.0
52.225,21.188,3.0
52.179,21.011,3.0
52.394,21.164,3.0
52.189,21.046,3.0
52.288,21.005,3.0
52.307,20.951,3.0
52.172,21.066,3.0
52.166,21.017,3.0
52.162,20.929,3.0
52.265,21.122,3.0
52.257,20.903,3.0
52.255,21.141,3.0
52.152,21.023,3.0
52.181,20.99,3.0
52.186,20.971,3.0
52.215,21.165,3.0
52.275,21.066,3.0
52.302,20.906,3.0
52.216,20.992,3.0
52.307,21.073,3.0
52.252,20.955,3.0
52.292,21.079,3.0
52.241,20.992,2.0
52.204,20.892,2.0
52.385,21.03,2.0
52.316,20.957,2.0
52.258,20.898,2.0
52.233,21.111,2.0
52.118,21.105,2.0
52.225,21.197,2.0
52.151,21.063,2.0
52.227,21.054,2.0
52.248,21.143,2.0
52.259,20.999,2.0
52.222,21.065,2.0
52.181,20.89,2.0
52.265,20.956,2.0
52.217,20.981,2.0
52.24,20.923,2.0
52.325,21.06,2.0
52.306,20.987,2.0
52.228,21.013,2.0
52.156,20.923,2.0
52.19,21.046,2.0
52.288,21.077,2.0
52.1,21.019,2.0
52.152,21.065,2.0
52.265,21.024,2.0
52.275,20.835,2.0
52.266,20.957,2.0
52.26,20.61,2.0
52.189,20.88,2.0
52.161,21.039,2.0
52.24,21.06,2.0
52.182,20.9,2.0
52.224,21.201,2.0
52.251,21.039,2.0
52.196,21.177,2.0
52.16,21.017,2.0
52.291,20.837,2.0
52.225,21.202,2.0
52.373,21.147,2.0
52.241,20.926,2.0
52.269,21.061,2.0
52.217,21.046,2.0
52.063,20.871,2.0
52.309,20.957,2.0
52.258,20.964,2.0
52.233,21.029,2.0
52.242,21.105,2.0
52.164,21.085,2.0
52.39,21.16,2.0
52.251,20.941,2.0
52.109,21.018,2.0
52.26,21.008,2.0
52.227,20.957,2.0
52.291,20.833,2.0
52.221,20.92,2.0
52.221,20.959,2.0
52.389,21.032,2.0
52.277,20.835,2.0
52.205,20.986,2.0
52.226,21.171,2.0
52.308,21.067,2.0
52.1,20.822,2.0
52.207,21.042,2.0
52.236,21.059,2.0
52.295,21.013,2.0
52.178,21.151,2.0
52.084,20.957,2.0
52.234,21.033,2.0
52.3,21.036,2.0
52.294,21.012,2.0
52.114,21.018,2.0
52.282,21.072,2.0
52.252,21.15,2.0
52.216,20.991,2.0
52.156,21.09,2.0
52.217,20.9,2.0
52.24,21.134,2.0
52.192,20.915,2.0
52.185,20.871,2.0
52.241,21.11,2.0
52.265,21.021,2.0
52.251,21.149,2.0
52.211,21.106,2.0
52.21,21.161,2.0
52.077,21.051,2.0
52.31,20.926,2.0
52.253,20.815,2.0
52.085,20.954,2.0
52.226,20.993,2.0
52.216,20.993,2.0
52.155,21.091,2.0
52.413,21.038,2.0
52.296,21.014,2.0
52.254,20.745,2.0
52.042,20.862,2.0
52.131,21.09,2.0
52.258,20.596,2.0
52.166,21.035,2.0
52.19,21.077,2.0
52.219,20.912,2.0
52.267,20.931,2.0
52.128,21.139,2.0
52.319,21.021,2.0
52.235,21.037,2.0
52.181,20.992,2.0
52.104,20.831,2.0
52.178,21.06,2.0
52.253,21.05,2.0
52.204,21.067,2.0
52.261,20.894,2.0
52.129,20.879,2.0
52.208,20.893,2.0
52.255,20.952,2.0
52.316,21.1,2.0
52.186,20.885,2.0
52.216,21.099,2.0
52.215,21.006,2.0
52.177,21.061,2.0
52.314,21.098,2.0
52.276,21.166,2.0
52.332,20.965,2.0
52.225,21.184,2.0
52.251,20.911,2.0
52.192,21.071,2.0
52.082,21.008,2.0
52.239,20.909,2.0
52.241,20.927,2.0
52.178,20.946,2.0
52.284,20.908,2.0
52.26,20.605,2.0
52.225,20.991,2.0
52.219,20.916,2.0
52.207,21.083,2.0
52.291,21.05,2.0
52.235,21.077,2.0
52.226,21.076,2.0
52.212,21.007,2.0
52.261,21.064,2.0
52.152,21.024,2.0
52.219,21.091,2.0
52.168,21.078,2.0
52.205,21.079,2.0
52.257,20.756,2.0
52.371,21.145,2.0
52.305,20.976,2.0
52.291,21.004,2.0
52.27,20.832,2.0
52.277,21.142,2.0
52.284,20.899,2.0
52.198,20.889,2.0
52.109,20.844,2.0
52.199,21.173,2.0
52.117,21.018,2.0
52.259,21.003,2.0
52.222,21.024,2.0
52.261,21.01,2.0
52.137,21.072,2.0
52.382,21.029,2.0
52.188,20.884,2.0
52.227,21.057,2.0
52.198,20.919,2.0
52.281,20.991,2.0
52.259,20.922,2.0
52.234,21.029,2.0
52.211,21.16,2.0
52.311,20.925,2.0
52.154,21.054,2.0
52.284,20.91,2.0
52.078,21.106,2.0
52.212,21.068,2.0
52.17,21.083,2.0
52.085,20.953,2.0
52.25,21.146,2.0
52.297,21.014,2.0
52.229,21.064,2.0
52.235,21.096,2.0
52.263,20.953,2.0
52.226,21.08,2.0
52.299,21.058,2.0
52.223,21.039,2.0
52.214,21.322,2.0
52.224,20.917,2.0
52.221,21.045,2.0
52.226,21.075,2.0
52.222,21.075,2.0
52.087,20.944,2.0
52.203,21.067,2.0
52.096,20.814,2.0
52.296,20.998,2.0
52.223,20.897,2.0
52.253,21.153,2.0
52.257,21.041,2.0
52.102,20.826,2.0
52.224,21.22,2.0
52.373,21.029,2.0
52.119,21.102,2.0
52.307,21.069,2.0
52.33,21.264,2.0
52.222,20.925,2.0
52.305,20.947,2.0
52.177,21.152,2.0
52.082,20.991,2.0
52.205,20.889,2.0
52.262,20.633,2.0
52.23,21.067,2.0
52.284,20.912,2.0
52.278,21.142,2.0
52.256,20.904,2.0
52.252,21.151,2.0
52.19,20.957,2.0
52.263,20.951,2.0
52.135,20.899,2.0
52.245,21.14,2.0
52.305,20.949,2.0
52.25,20.939,2.0
52.297,20.933,2.0
52.317,20.957,2.0
52.228,20.897,2.0
52.124,21.018,2.0
52.224,21.218,2.0
52.226,21.164,2.0
52.408,21.038,2.0
52.199,21.037,2.0
52.22,20.971,2.0
52.276,21.052,2.0
52.337,20.942,2.0
52.304,20.937,2.0
52.201,21.168,2.0
52.24,20.988,2.0
52.114,21.019,2.0
52.261,21.092,2.0
52.248,20.924,2.0
52.374,21.029,2.0
52.405,21.038,2.0
52.183,21.204,2.0
52.212,20.914,2.0
52.217,20.904,2.0
52.308,20.93,2.0
52.176,20.916,2.0
52.217,21.012,2.0
52.215,21.005,2.0
52.099,21.116,2.0
52.247,21.01,2.0
52.212,20.988,2.0
52.3,21.058,2.0
52.254,21.154,2.0
52.28,21.011,2.0
52.252,21.065,2.0
52.222,21.037,2.0
52.161,21.094,2.0
52.311,20.992,2.0
52.286,21.008,2.0
52.111,20.849,2.0
52.201,21.056,2.0
52.264,20.945,2.0
52.299,20.935,2.0
52.204,20.894,2.0
52.226,20.946,2.0
52.185,20.975,2.0
52.165,21.018,2.0
52.223,20.987,2.0
52.19,20.918,2.0
52.297,21.083,2.0
52.263,21.053,2.0
52.257,20.991,2.0
52.268,21.001,2.0
52.237,21.108,2.0
52.256,20.778,2.0
52.308,21.071,2.0
52.257,20.713,2.0
52.292,21.057,2.0
52.177,21.033,2.0
52.222,21.042,2.0
52.222,20.986,2.0
52.292,21.061,2.0
52.256,20.78,2.0
52.177,21.076,2.0
52.082,20.986,2.0
52.276,20.995,2.0
52.261,21.051,2.0
52.224,21.227,2.0
52.232,20.897,2.0
52.244,20.901,2.0
52.206,21.083,2.0
52.263,20.642,2.0
52.246,21.141,2.0
52.234,21.11,2.0
52.168,21.085,2.0
52.24,21.051,2.0
52.281,20.992,2.0
52.246,20.911,2.0
52.295,20.933,2.0
52.292,21.053,2.0
52.292,21.067,2.0
52.256,20.775,2.0
52.082,20.988,2.0
52.292,21.018,2.0
52.314,20.968,2.0
52.149,21.018,2.0
52.176,21.009,2.0
52.213,20.895,2.0
52.355,21.254,2.0
52.189,20.916,2.0
52.336,20.942,2.0
52.214,21.091,2.0
52.381,21.153,2.0
52.262,21.05,2.0
52.217,21.227,2.0
52.292,21.003,2.0
52.21,21.107,2.0
52.233,21.112,2.0
52.188,21.063,2.0
52.257,21.141,2.0
52.292,21.063,2.0
52.177,21.195,2.0
52.32,20.914,2.0
52.246,21.138,2.0
52.226,21.086,2.0
52.088,20.939,2.0
52.317,20.956,2.0
52.316,20.973,2.0
52.218,21.018,2.0
52.224,21.219,2.0
52.349,21.126,2.0
52.179,20.998,2.0
52.308,21.077,2.0
52.266,21.058,2.0
52.324,20.942,2.0
52.194,20.937,2.0
52.377,21.15,2.0
52.19,21.08,2.0
52.417,21.038,2.0
52.229,21.006,2.0
52.237,20.896,2.0
52.281,20.834,2.0
52.227,21.099,2.0
52.267,20.932,2.0
52.2,20.935,2.0
52.224,21.216,2.0
52.169,21.073,2.0
52.224,21.209,2.0
52.226,21.049,2.0
52.252,21.002,2.0
52.217,20.896,2.0
52.152,21.036,2.0
52.226,21.244,2.0
52.273,20.926,2.0
52.307,21.059,2.0
52.256,21.061,2.0
52.251,21.046,2.0
52.116,20.862,2.0
52.136,21.051,2.0
52.337,20.96,2.0
52.247,21.031,2.0
52.177,20.84,2.0
52.207,21.051,2.0
52.391,21.032,2.0
52.228,20.965,2.0
52.327,20.969,2.0
52.386,21.157,2.0
52.256,21.059,2.0
52.131,21.086,2.0
52.306,20.985,2.0
52.234,21.019,2.0
52.305,20.935,2.0
52.306,21.008,2.0
52.222,20.897,2.0
52.184,21.092,2.0
52.439,21.048,2.0
52.215,21.101,2.0
52.222,21.016,2.0
52.307,21.076,2.0
52.166,21.024,2.0
52.254,20.976,2.0
52.228,20.904,2.0
52.123,21.018,2.0
52.18,20.948,2.0
52.225,21.203,2.0
52.156,20.959,2.0
52.249,20.936,2.0
52.215,21.125,2.0
52.294,21.053,2.0
52.292,21.044,2.0
52.262,21.014,2.0
52.232,21.121,2.0
52.148,20.913,2.0
52.224,21.21,2.0
52.177,21.039,2.0
52.377,20.927,2.0
52.232,21.119,2.0
52.388,21.159,2.0
52.263,20.663,2.0
52.242,20.878,2.0
52.307,21.066,2.0
52.261,21.012,2.0
52.211,21.047,2.0
52.29,21.003,2.0
52.304,20.945,2.0
52.255,21.012,2.0
52.267,21.033,2.0
52.158,21.195,2.0
52.375,21.029,2.0
52.274,20.953,2.0
52.344,20.852,2.0
52.229,20.911,2.0
52.248,20.927,2.0
52.156,20.954,2.0
52.244,21.094,2.0
52.176,21.061,2.0
52.409,21.038,2.0
52.312,21.003,2.0
52.37,21.144,2.0
52.236,21.123,2.0
52.267,21.029,2.0
52.254,21.013,2.0
52.261,20.622,2.0
52.169,21.084,2.0
52.249,21.177,2.0
52.292,21.064,2.0
52.202,20.903,2.0
52.201,20.899,2.0
52.236,21.122,2.0
52.256,20.763,2.0
52.202,20.897,2.0
52.24,20.92,2.0
52.126,21.096,2.0
52.211,20.979,2.0
52.202,21.063,2.0
52.06,20.92,2.0
52.269,20.96,2.0
52.098,21.116,2.0
52.103,21.019,2.0
52.268,21.036,2.0
52.051,20.995,2.0
52.268,20.937,2.0
52.257,21.039,2.0
52.177,21.045,2.0
52.224,21.208,2.0
52.343,20.848,2.0
52.215,21.129,2.0
52.199,20.934,2.0
52.354,21.13,2.0
52.225,21.074,2.0
52.414,21.038,2.0
52.369,21.143,2.0
52.113,21.018,2.0
52.301,20.905,2.0
52.256,20.986,2.0
52.126,20.896,2.0
52.307,20.984,2.0
52.25,21.138,2.0
52.162,21.221,2.0
52.233,21.01,2.0
52.246,21.218,2.0
52.209,21.162,2.0
52.288,20.983,2.0
52.304,21.052,2.0
52.14,20.966,2.0
52.299,20.936,2.0
52.264,21.057,2.0
52.228,21.061,2.0
52.243,21.101,2.0
52.168,21.013,2.0
52.235,21.059,2.0
52.264,20.925,2.0
52.337,20.959,2.0
52.182,21.087,2.0
52.17,21.018,2.0
52.271,21.119,2.0
52.22,21.025,2.0
52.269,21.019,2.0
52.231,21.133,2.0
52.188,21.082,2.0
52.319,21.033,2.0
52.142,20.961,2.0
52.228,21.224,2.0
52.253,21.037,2.0
52.233,21.125,2.0
52.32,20.915,2.0
52.183,21.21,2.0
52.143,21.018,2.0
52.276,20.973,2.0
52.263,21.055,2.0
52.246,21.22,2.0
52.104,21.018,2.0
52.189,21.083,2.0
52.215,20.896,2.0
52.215,20.966,2.0
52.214,20.873,2.0
52.264,20.956,2.0
52.304,21.05,2.0
52.347,20.949,2.0
52.245,21.138,2.0
52.131,21.102,2.0
52.25,21.004,2.0
52.291,20.949,2.0
52.152,21.022,2.0
52.164,21.037,2.0
52.319,20.973,2.0
52.223,20.928,2.0
52.166,21.025,2.0
52.327,20.906,2.0
52.226,20.897,2.0
52.185,20.974,2.0
52.285,20.893,2.0
52.275,20.995,2.0
52.276,21.013,2.0
52.162,21.018,2.0
52.196,20.997,2.0
52.309,20.982,2.0
52.189,20.981,2.0
52.247,21.138,2.0
52.248,21.203,2.0
52.166,21.023,2.0
52.305,20.987,2.0
52.32,20.968,2.0
52.278,20.942,2.0
52.309,21.062,2.0
52.2,21.051,2.0
52.337,21.116,2.0
52.183,21.085,2.0
52.189,21.062,2.0
52.318,20.948,2.0
52.293,20.931,2.0
52.233,21.074,2.0
52.144,21.096,2.0
52.215,20.956,2.0
52.273,20.996,2.0
52.231,20.897,2.0
52.165,21.017,2.0
52.207,21.084,2.0
52.164,21.208,2.0
52.211,20.913,2.0
52.182,21.09,2.0
52.103,21.018,2.0
52.371,21.029,2.0
52.166,21.034,2.0
52.101,20.823,2.0
52.199,20.902,2.0
52.194,21.042,2.0
52.251,21.045,2.0
52.21,21.208,2.0
52.329,21.11,2.0
52.205,20.89,2.0
52.302,21.087,2.0
52.271,20.963,2.0
52.18,20.994,2.0
52.239,21.043,2.0
52.441,21.013,2.0
52.173,20.847,2.0
52.272,20.965,2.0
52.228,21.142,2.0
52.442,21.011,2.0
52.334,21.03,2.0
52.24,21.041,2.0
52.161,21.096,2.0
52.208,21.11,2.0
52.211,21.21,2.0
52.192,20.95,2.0
52.289,21.072,2.0
52.227,21.023,2.0
52.29,21.002,2.0
52.195,20.884,2.0
52.295,20.999,2.0
52.202,20.933,2.0
52.439,21.02,2.0
52.193,21.002,2.0
52.236,21.081,2.0
52.245,21.089,2.0
52.238,21.081,2.0
52.267,21.031,2.0
52.108,21.019,2.0
52.189,20.957,2.0
52.44,21.018,2.0
52.17,21.04,2.0
52.269,21.06,2.0
52.231,21.041,2.0
52.257,20.902,2.0
52.218,21.022,2.0
52.25,20.918,2.0
52.212,21.214,2.0
52.237,21.048,2.0
52.262,20.926,2.0
52.149,21.044,2.0
52.212,20.952,2.0
52.094,21.133,2.0
52.122,20.894,2.0
52.229,21.065,2.0
52.239,21.222,2.0
52.136,20.897,2.0
52.245,20.982,2.0
52.263,21.016,2.0
52.156,21.028,2.0
52.216,20.889,2.0
52.278,20.976,2.0
52.131,20.969,2.0
52.183,21.091,2.0
52.17,21.239,2.0
52.12,20.893,2.0
52.156,21.048,2.0
52.261,21.011,2.0
52.151,21.092,2.0
52.098,20.816,2.0
52.25,21.024,2.0
52.443,21.009,2.0
52.318,20.963,2.0
52.269,20.962,2.0
52.346,21.124,2.0
52.249,21.223,2.0
52.167,21.015,2.0
52.212,21.014,2.0
52.237,21.222,2.0
52.252,21.064,2.0
52.304,20.947,2.0
52.267,20.939,2.0
52.097,20.814,2.0
52.252,21.027,2.0
52.444,21.006,2.0
52.286,21.007,2.0
52.239,21.133,2.0
52.196,20.929,2.0
52.279,20.835,2.0
52.128,20.896,2.0
52.183,21.002,2.0
52.298,20.794,2.0
52.176,21.04,2.0
52.185,20.979,2.0
52.122,20.948,2.0
52.17,21.224,2.0
52.231,21.136,2.0
52.186,20.872,2.0
52.188,21.127,2.0
52.324,21.106,2.0
52.203,20.929,2.0
52.194,21.171,2.0
52.216,20.958,2.0
52.291,21.002,2.0
52.286,20.91,2.0
52.199,20.875,2.0
52.337,21.029,2.0
52.308,21.091,2.0
52.182,21.135,2.0
52.207,21.187,2.0
52.281,21.046,2.0
52.237,21.08,2.0
52.21,21.048,2.0
52.124,21.096,2.0
52.191,21.073,2.0
52.289,21.02,2.0
52.169,20.936,2.0
52.268,21.034,2.0
52.218,21.021,2.0
52.24,20.924,2.0
52.194,21.122,2.0
52.349,20.947,2.0
52.181,21.002,2.0
52.215,21.119,2.0
52.147,20.913,2.0
52.142,21.097,2.0
52.257,21.171,2.0
52.182,21.218,2.0
52.188,21.184,2.0
52.307,20.931,2.0
52.122,21.286,2.0
52.228,20.961,2.0
52.287,21.006,2.0
52.274,20.835,2.0
52.248,21.196,2.0
52.26,20.96,2.0
52.197,20.93,2.0
52.355,21.132,2.0
52.285,21.048,2.0
52.305,21.054,2.0
52.094,21.019,2.0
52.231,21.087,2.0
52.275,21.057,2.0
52.196,20.998,2.0
52.158,21.196,2.0
52.396,20.939,2.0
52.276,21.014,2.0
52.201,21.05,2.0
52.183,20.895,2.0
52.306,21.091,2.0
52.305,21.008,2.0
52.191,21.078,2.0
52.135,21.1,2.0
52.078,21.094,2.0
52.138,21.1,2.0
52.162,21.114,2.0
52.281,20.98,2.0
52.245,21.091,2.0
52.204,21.033,2.0
52.326,20.941,2.0
52.187,21.129,2.0
52.049,20.937,2.0
52.192,21.171,2.0
52.221,20.897,2.0
52.097,20.884,2.0
52.248,21.193,2.0
52.266,21.122,2.0
52.325,20.941,2.0
52.355,21.131,2.0
52.306,21.058,2.0
52.206,21.009,2.0
52.144,21.065,2.0
52.348,21.125,2.0
52.305,21.056,2.0
52.257,21.164,2.0
52.221,20.919,2.0
52.341,20.954,2.0
52.194,21.178,2.0
52.248,21.009,2.0
52.201,21.116,2.0
52.211,20.768,2.0
52.305,20.948,2.0
52.173,21.055,2.0
52.158,20.992,2.0
52.161,21.099,2.0
52.146,21.018,2.0
52.248,21.183,2.0
52.315,20.955,2.0
52.31,20.958,2.0
52.107,21.019,2.0
52.152,21.066,2.0
52.216,20.962,2.0
52.219,20.973,2.0
52.319,20.951,2.0
52.152,21.058,2.0
52.268,21.02,2.0
52.178,21.045,2.0
52.274,20.969,2.0
52.246,21.009,2.0
52.181,20.882,2.0
52.078,21.022,2.0
52.199,21.174,2.0
52.32,20.949,2.0
52.184,20.976,2.0
52.323,21.026,2.0
52.205,21.113,2.0
52.184,21.184,2.0
52.302,20.942,2.0
52.248,21.202,2.0
52.182,21.076,2.0
52.149,21.092,2.0
52.195,20.928,2.0
52.191,21.059,2.0
52.198,21.175,2.0
52.258,21.064,2.0
52.167,21.082,2.0
52.206,20.943,2.0
52.082,20.965,2.0
52.33,20.936,2.0
52.245,21.092,2.0
52.155,21.09,2.0
52.177,21.022,2.0
52.229,20.967,2.0
52.161,21.222,2.0
52.285,21.074,2.0
52.177,20.979,2.0
52.282,20.834,2.0
52.209,20.921,2.0
52.312,20.963,2.0
52.209,21.134,2.0
52.045,20.951,2.0
52.302,20.943,2.0
52.255,21.058,2.0
52.143,20.907,2.0
52.086,21.02,2.0
52.289,21.004,2.0
52.125,21.292,2.0
52.166,21.027,2.0
52.401,20.946,2.0
52.229,20.957,2.0
52.399,20.943,2.0
52.262,20.943,2.0
52.273,20.935,2.0
52.153,21.068,2.0
52.321,20.972,2.0
52.184,21.181,2.0
52.303,20.937,2.0
52.133,20.973,2.0
52.198,21.039,2.0
52.259,20.918,2.0
52.232,21.096,2.0
52.321,21.024,2.0
52.321,21.057,2.0
52.167,21.079,2.0
52.195,20.982,2.0
52.209,21.0,2.0
52.276,20.92,2.0
52.138,21.099,2.0
52.083,20.961,2.0
52.305,21.09,2.0
52.234,20.915,2.0
52.199,20.892,2.0
52.229,21.066,2.0
52.275,21.058,2.0
52.243,21.169,2.0
52.128,20.875,2.0
52.192,21.058,2.0
52.234,21.103,2.0
52.237,20.956,2.0
52.106,20.887,2.0
52.264,20.929,2.0
52.239,21.116,2.0
52.308,20.91,2.0
52.149,20.915,2.0
52.353,21.029,2.0
52.157,21.179,2.0
52.216,21.1,2.0
52.147,21.323,2.0
52.249,20.939,2.0
52.321,21.103,2.0
52.358,20.94,2.0
52.256,20.903,2.0
52.117,20.985,2.0
52.174,20.859,2.0
52.167,21.033,2.0
52.261,21.126,2.0
52.242,20.876,2.0
52.295,21.086,2.0
52.236,21.078,2.0
52.197,20.911,2.0
52.296,20.934,2.0
52.217,21.007,2.0
52.216,21.094,2.0
52.21,20.809,2.0
52.225,21.173,2.0
52.193,20.947,2.0
52.227,20.997,2.0
52.207,21.165,2.0
52.206,20.944,2.0
52.236,21.084,2.0
52.212,20.823,2.0
52.15,21.018,2.0
52.231,21.1,2.0
52.207,20.987,2.0
52.27,20.98,2.0
52.166,21.069,2.0
52.108,20.888,2.0
52.173,21.08,2.0
52.292,21.045,2.0
52.255,20.953,2.0
52.183,20.896,2.0
52.19,20.919,2.0
52.214,21.102,2.0
52.152,21.057,2.0
52.243,20.869,2.0
52.233,21.127,2.0
52.164,21.018,2.0
52.248,21.047,2.0
52.281,21.141,2.0
52.219,20.985,2.0
52.213,20.971,2.0
52.296,21.022,2.0
52.352,21.029,2.0
52.283,21.141,2.0
52.169,21.019,2.0
52.186,21.0,2.0
52.227,21.143,2.0
52.309,21.093,2.0
52.236,21.092,2.0
52.181,20.988,2.0
52.214,21.147,2.0
52.291,21.007,2.0
52.247,21.206,2.0
52.218,20.905,2.0
52.109,20.835,2.0
52.208,20.945,2.0
52.197,20.931,2.0
52.262,21.125,2.0
52.23,21.069,2.0
52.163,20.929,2.0
52.148,21.061,2.0
52.155,21.036,2.0
52.31,21.094,2.0
52.218,21.019,2.0
52.292,21.01,2.0
52.401,21.037,2.0
52.159,21.307,2.0
52.22,20.915,2.0
52.211,20.981,2.0
52.111,21.112,2.0
52.096,21.019,2.0
52.165,20.986,2.0
52.043,20.953,2.0
52.266,21.074,2.0
52.366,20.944,2.0
52.221,20.921,2.0
52.171,21.003,2.0
52.277,20.972,2.0
52.179,21.023,2.0
52.21,21.163,2.0
52.269,20.933,2.0
52.183,21.067,2.0
52.259,20.995,2.0
52.25,21.025,2.0
52.323,21.105,2.0
52.167,20.934,2.0
52.191,20.877,2.0
52.175,20.942,2.0
52.346,21.029,2.0
52.071,20.874,2.0
52.257,20.997,2.0
52.174,21.044,2.0
52.28,21.171,2.0
52.213,21.054,2.0
52.326,20.969,2.0
52.251,20.898,2.0
52.227,21.0,2.0
52.253,21.152,2.0
52.377,20.928,2.0
52.263,21.124,2.0
52.205,21.134,2.0
52.229,20.942,2.0
52.226,20.944,2.0
52.26,20.959,2.0
52.192,20.982,2.0
52.259,21.0,2.0
52.193,20.945,2.0
52.143,20.906,2.0
52.22,21.027,2.0
52.209,21.048,2.0
52.183,20.951,2.0
52.156,21.076,2.0
52.312,20.883,2.0
52.201,21.059,2.0
52.051,20.997,2.0
52.212,20.826,2.0
52.318,20.917,2.0
52.305,20.907,2.0
52.227,20.998,2.0
52.202,20.932,2.0
52.143,21.039,2.0
52.261,20.796,2.0
52.198,21.038,2.0
52.202,20.937,2.0
52.239,21.131,2.0
52.316,21.011,2.0
52.257,20.948,2.0
52.28,20.979,2.0
52.233,20.915,2.0
52.301,20.991,2.0
52.246,21.067,2.0
52.221,20.975,2.0
52.148,21.049,2.0
52.378,20.926,2.0
52.435,21.024,2.0
52.247,21.209,2.0
52.253,20.742,2.0
52.41,21.038,2.0
52.168,21.077,2.0
52.209,21.085,2.0
52.211,20.787,2.0
52.312,20.965,2.0
52.18,20.879,2.0
52.159,21.03,2.0
52.255,20.95,2.0
52.279,21.068,2.0
52.228,20.962,2.0
52.293,21.011,2.0
52.247,21.013,2.0
52.099,21.053,2.0
52.178,21.291,1.0
52.298,20.996,1.0
52.15,21.061,1.0
52.338,21.118,1.0
52.22,20.918,1.0
52.224,21.04,1.0
52.459,21.077,1.0
52.211,20.784,1.0
52.091,20.882,1.0
52.232,21.123,1.0
52.198,21.002,1.0
52.18,21.071,1.0
52.292,21.068,1.0
52.226,20.802,1.0
52.184,21.186,1.0
52.156,20.9,1.0
52.18,20.88,1.0
52.083,20.959,1.0
52.182,21.217,1.0
52.263,20.673,1.0
51.997,21.203,1.0
52.242,20.958,1.0
52.18,20.996,1.0
52.384,20.924,1.0
52.218,21.046,1.0
52.218,20.972,1.0
52.182,20.949,1.0
52.217,20.96,1.0
52.463,21.081,1.0
52.217,20.99,1.0
52.185,21.308,1.0
52.247,21.215,1.0
52.078,21.097,1.0
52.393,20.927,1.0
52.371,20.928,1.0
52.419,20.925,1.0
52.374,21.148,1.0
52.225,20.934,1.0
52.106,21.113,1.0
52.238,20.914,1.0
52.213,20.953,1.0
52.223,20.814,1.0
52.146,20.889,1.0
52.186,21.002,1.0
52.207,21.189,1.0
52.188,21.002,1.0
52.454,21.072,1.0
52.247,21.214,1.0
52.303,21.089,1.0
52.411,20.951,1.0
52.376,20.923,1.0
52.181,21.075,1.0
52.277,20.923,1.0
52.212,21.013,1.0
52.261,20.68,1.0
52.397,20.941,1.0
52.146,21.039,1.0
52.237,21.03,1.0
52.22,20.973,1.0
52.293,21.001,1.0
52.204,20.924,1.0
52.183,21.214,1.0
52.121,20.894,1.0
52.465,21.082,1.0
52.205,21.168,1.0
52.146,20.911,1.0
52.266,20.93,1.0
52.233,21.038,1.0
52.289,21.032,1.0
52.266,20.989,1.0
52.182,20.902,1.0
52.411,21.038,1.0
52.262,20.636,1.0
52.231,21.224,1.0
52.265,20.969,1.0
52.328,20.941,1.0
52.226,21.081,1.0
52.193,21.059,1.0
52.247,21.207,1.0
52.204,20.922,1.0
52.19,20.981,1.0
52.218,20.969,1.0
52.247,20.932,1.0
52.235,21.038,1.0
52.208,20.914,1.0
52.191,21.355,1.0
52.118,20.892,1.0
52.23,21.013,1.0
52.162,20.992,1.0
52.174,20.849,1.0
52.26,21.029,1.0
52.198,20.988,1.0
52.139,20.902,1.0
52.222,20.813,1.0
52.263,20.943,1.0
52.287,20.931,1.0
52.152,20.896,1.0
52.093,20.882,1.0
52.307,20.81,1.0
52.226,21.088,1.0
52.225,20.802,1.0
52.145,20.887,1.0
52.255,21.035,1.0
52.171,21.235,1.0
51.996,21.205,1.0
52.232,20.926,1.0
52.338,20.943,1.0
52.203,21.05,1.0
52.194,20.983,1.0
52.11,20.847,1.0
52.265,20.957,1.0
52.24,20.94,1.0
52.186,21.31,1.0
52.276,20.835,1.0
52.175,20.979,1.0
52.211,20.782,1.0
52.226,20.815,1.0
52.142,20.906,1.0
52.112,20.852,1.0
52.225,21.073,1.0
52.247,21.203,1.0
52.149,20.892,1.0
52.173,20.843,1.0
52.114,20.856,1.0
52.292,21.059,1.0
52.457,21.074,1.0
52.336,21.116,1.0
52.197,21.17,1.0
52.049,20.941,1.0
52.217,21.039,1.0
52.295,21.1,1.0
52.113,20.854,1.0
52.462,21.08,1.0
52.084,21.044,1.0
52.174,20.98,1.0
52.283,20.981,1.0
52.413,20.944,1.0
52.246,21.034,1.0
52.088,20.88,1.0
52.228,20.815,1.0
52.325,20.938,1.0
52.195,21.171,1.0
52.2,21.001,1.0
52.32,20.969,1.0
52.154,20.899,1.0
52.134,21.101,1.0
52.25,20.83,1.0
52.151,20.894,1.0
52.269,21.076,1.0
52.243,20.988,1.0
52.295,21.085,1.0
52.203,20.926,1.0
52.318,20.916,1.0
52.24,20.931,1.0
52.243,21.099,1.0
52.192,21.072,1.0
52.274,21.059,1.0
52.173,20.84,1.0
52.282,21.111,1.0
52.455,21.073,1.0
52.211,21.161,1.0
52.191,21.352,1.0
52.213,21.056,1.0
52.115,20.859,1.0
52.151,21.059,1.0
52.25,21.042,1.0
52.123,20.894,1.0
52.063,20.921,1.0
52.261,21.077,1.0
52.083,20.878,1.0
52.214,21.093,1.0
52.29,21.019,1.0
52.179,20.876,1.0
52.171,21.008,1.0
52.175,21.003,1.0
52.262,20.625,1.0
52.386,21.03,1.0
52.164,21.109,1.0
52.221,21.152,1.0
52.203,20.928,1.0
52.182,21.22,1.0
52.148,20.89,1.0
52.085,20.879,1.0
52.163,21.113,1.0
52.406,21.038,1.0
52.167,21.078,1.0
52.207,20.944,1.0
52.402,20.946,1.0
52.161,21.086,1.0
52.199,21.051,1.0
52.373,20.926,1.0
52.09,20.881,1.0
52.224,20.934,1.0
52.299,20.79,1.0
52.296,20.893,1.0
52.309,20.812,1.0
52.215,20.845,1.0
52.228,20.802,1.0
52.217,20.979,1.0
52.376,20.924,1.0
51.996,21.207,1.0
52.209,20.973,1.0
52.225,20.814,1.0
52.21,20.811,1.0
52.193,21.057,1.0
52.148,21.034,1.0
52.119,20.892,1.0
52.43,21.031,1.0
52.286,20.829,1.0
52.108,20.841,1.0
52.308,21.073,1.0
52.406,20.952,1.0
52.239,20.906,1.0
52.213,20.831,1.0
52.433,21.041,1.0
52.314,20.978,1.0
52.203,21.073,1.0
52.093,20.969,1.0
52.138,21.067,1.0
52.135,20.88,1.0
52.325,21.063,1.0
52.042,20.954,1.0
52.313,21.03,1.0
52.212,21.047,1.0
52.205,20.911,1.0
52.189,21.33,1.0
52.183,21.206,1.0
52.261,20.925,1.0
52.069,20.947,1.0
52.212,20.822,1.0
52.189,21.32,1.0
52.25,20.938,1.0
52.263,20.653,1.0
52.16,21.091,1.0
52.26,20.895,1.0
52.184,20.899,1.0
52.051,20.93,1.0
52.105,20.834,1.0
52.415,20.932,1.0
52.257,21.172,1.0
52.089,20.949,1.0
52.117,21.107,1.0
52.078,21.076,1.0
52.182,20.985,1.0
52.257,21.17,1.0
52.161,21.211,1.0
52.278,20.986,1.0
52.078,21.115,1.0
52.179,21.002,1.0
52.239,20.947,1.0
52.352,21.249,1.0
52.289,21.002,1.0
52.056,20.923,1.0
52.111,20.89,1.0
52.263,20.659,1.0
52.411,21.2,1.0
52.332,21.047,1.0
52.185,21.052,1.0
52.192,20.861,1.0
52.265,20.948,1.0
52.274,20.924,1.0
52.106,20.836,1.0
52.188,21.318,1.0
52.094,20.973,1.0
52.351,21.247,1.0
52.174,20.856,1.0
52.26,20.607,1.0
52.212,20.976,1.0
52.263,20.656,1.0
52.124,20.875,1.0
52.319,21.013,1.0
52.291,21.003,1.0
52.438,21.047,1.0
52.281,20.851,1.0
52.137,20.881,1.0
52.148,21.093,1.0
52.242,20.965,1.0
52.196,21.12,1.0
52.185,20.96,1.0
52.131,20.879,1.0
52.181,20.886,1.0
52.282,20.985,1.0
52.263,20.887,1.0
52.184,20.962,1.0
52.212,21.069,1.0
52.2,20.895,1.0
52.241,20.957,1.0
52.361,21.118,1.0
52.078,21.108,1.0
52.264,21.123,1.0
52.175,20.861,1.0
52.207,21.053,1.0
52.129,21.098,1.0
52.183,21.201,1.0
52.301,21.031,1.0
52.24,20.919,1.0
52.053,20.927,1.0
52.126,20.876,1.0
52.413,20.936,1.0
52.103,20.828,1.0
52.233,21.019,1.0
52.278,20.94,1.0
52.436,21.044,1.0
52.17,20.979,1.0
52.211,21.168,1.0
52.189,21.323,1.0
52.108,20.889,1.0
52.215,20.799,1.0
52.183,21.199,1.0
52.367,20.932,1.0
52.333,20.964,1.0
52.271,21.046,1.0
52.052,20.929,1.0
52.216,20.963,1.0
52.127,20.877,1.0
52.231,20.957,1.0
52.205,20.917,1.0
52.231,21.062,1.0
52.105,20.888,1.0
52.231,21.088,1.0
52.413,20.938,1.0
52.216,21.046,1.0
52.249,21.044,1.0
52.226,20.958,1.0
52.34,21.098,1.0
52.189,21.328,1.0
52.07,20.941,1.0
52.287,21.083,1.0
52.333,20.878,1.0
52.216,21.026,1.0
52.152,21.049,1.0
52.437,21.046,1.0
52.312,21.027,1.0
52.326,21.037,1.0
52.263,20.89,1.0
52.107,20.888,1.0
52.313,20.999,1.0
52.189,21.325,1.0
52.365,20.933,1.0
52.109,20.888,1.0
52.262,21.124,1.0
52.292,20.82,1.0
52.11,20.889,1.0
52.23,21.026,1.0
52.242,20.957,1.0
52.192,20.951,1.0
52.129,20.878,1.0
52.235,21.06,1.0
52.175,20.863,1.0
52.268,21.032,1.0
52.361,21.115,1.0
52.191,20.884,1.0
52.258,20.992,1.0
52.259,20.599,1.0
52.261,20.619,1.0
52.22,20.916,1.0
52.253,20.81,1.0
52.084,20.955,1.0
52.189,20.98,1.0
52.121,20.871,1.0
52.29,21.071,1.0
52.205,20.891,1.0
52.263,20.669,1.0
52.179,21.298,1.0
52.256,20.905,1.0
52.302,21.03,1.0
52.171,21.042,1.0
52.2,21.055,1.0
52.217,21.013,1.0
52.137,20.9,1.0
52.096,20.884,1.0
52.21,21.003,1.0
52.257,20.989,1.0
52.347,21.226,1.0
52.44,21.049,1.0
52.142,20.884,1.0
52.258,20.996,1.0
52.218,20.812,1.0
52.188,21.316,1.0
52.107,20.839,1.0
52.214,21.103,1.0
52.188,21.173,1.0
52.171,21.197,1.0
52.0,21.199,1.0
52.19,21.34,1.0
52.239,20.911,1.0
52.21,20.807,1.0
52.305,20.884,1.0
52.263,20.644,1.0
52.099,20.975,1.0
52.116,20.892,1.0
52.182,21.301,1.0
52.095,20.883,1.0
52.22,20.813,1.0
52.16,20.987,1.0
52.377,20.919,1.0
52.104,21.019,1.0
52.427,21.032,1.0
52.19,21.343,1.0
52.263,20.672,1.0
52.251,20.984,1.0
52.36,21.13,1.0
52.094,20.955,1.0
52.124,21.097,1.0
52.441,21.051,1.0
52.117,20.864,1.0
52.212,21.049,1.0
52.237,20.963,1.0
52.196,21.054,1.0
52.361,21.128,1.0
52.276,20.955,1.0
52.12,20.869,1.0
52.279,20.976,1.0
52.143,20.885,1.0
52.275,21.055,1.0
52.191,21.046,1.0
52.342,20.943,1.0
52.223,20.801,1.0
52.176,21.077,1.0
52.211,20.775,1.0
52.095,20.812,1.0
52.239,20.949,1.0
52.206,20.924,1.0
52.195,21.004,1.0
52.174,21.032,1.0
52.213,21.158,1.0
52.273,21.056,1.0
52.234,20.926,1.0
52.318,20.953,1.0
52.223,20.959,1.0
52.002,21.197,1.0
52.216,20.987,1.0
52.091,20.95,1.0
52.245,21.021,1.0
52.237,20.99,1.0
52.208,21.057,1.0
52.353,21.251,1.0
52.205,20.916,1.0
52.313,20.923,1.0
52.189,21.02,1.0
52.261,20.616,1.0
52.096,20.974,1.0
52.16,21.208,1.0
52.25,20.912,1.0
52.362,20.936,1.0
52.138,20.882,1.0
52.18,20.841,1.0
52.222,21.045,1.0
52.179,20.874,1.0
52.1,20.821,1.0
52.189,21.333,1.0
52.131,20.898,1.0
52.216,21.043,1.0
52.227,21.142,1.0
52.211,20.793,1.0
52.4,21.036,1.0
52.192,21.016,1.0
52.183,20.983,1.0
52.215,20.812,1.0
52.189,21.335,1.0
52.233,21.009,1.0
52.252,21.14,1.0
52.289,21.073,1.0
52.098,20.974,1.0
52.138,21.071,1.0
52.177,21.296,1.0
52.22,20.801,1.0
52.19,21.338,1.0
52.263,20.666,1.0
52.359,20.939,1.0
52.241,20.949,1.0
52.234,20.988,1.0
52.354,21.253,1.0
52.189,21.048,1.0
52.335,20.884,1.0
52.361,21.126,1.0
52.094,20.967,1.0
52.001,21.198,1.0
52.078,21.084,1.0
52.36,20.937,1.0
52.217,20.812,1.0
52.365,21.139,1.0
52.132,20.898,1.0
52.189,21.019,1.0
52.217,20.887,1.0
52.265,20.929,1.0
52.14,20.883,1.0
52.266,20.976,1.0
52.308,21.086,1.0
52.186,21.175,1.0
52.234,21.03,1.0
52.183,21.003,1.0
52.123,20.874,1.0
52.193,20.902,1.0
52.213,21.16,1.0
52.183,21.208,1.0
52.158,21.198,1.0
52.225,21.187,1.0
52.247,21.014,1.0
52.334,21.143,1.0
52.32,20.97,1.0
52.31,21.017,1.0
52.082,21.012,1.0
52.229,20.968,1.0
52.231,20.956,1.0
52.057,20.922,1.0
52.196,20.994,1.0
52.267,20.828,1.0
52.216,20.862,1.0
52.327,20.907,1.0
52.233,21.114,1.0
52.343,20.999,1.0
52.143,20.96,1.0
52.258,20.795,1.0
52.292,21.002,1.0
52.313,20.917,1.0
52.275,21.089,1.0
52.233,20.981,1.0
52.196,20.999,1.0
52.374,20.937,1.0
52.172,21.2,1.0
52.33,21.144,1.0
52.142,20.962,1.0
52.228,20.957,1.0
52.054,20.925,1.0
52.186,20.969,1.0
52.241,21.064,1.0
52.236,20.896,1.0
52.018,20.884,1.0
52.271,20.834,1.0
52.07,20.757,1.0
52.203,21.156,1.0
52.244,21.095,1.0
52.242,21.071,1.0
52.339,21.141,1.0
52.284,21.172,1.0
52.254,21.221,1.0
52.061,20.92,1.0
52.192,21.044,1.0
52.103,21.272,1.0
52.069,20.754,1.0
52.199,20.872,1.0
52.02,20.882,1.0
52.381,20.921,1.0
52.253,21.128,1.0
52.337,21.142,1.0
52.239,20.965,1.0
52.211,20.984,1.0
52.119,21.103,1.0
52.234,20.948,1.0
52.068,20.752,1.0
52.281,20.985,1.0
52.24,21.017,1.0
52.176,21.076,1.0
52.335,21.142,1.0
52.289,21.001,1.0
52.014,20.889,1.0
52.36,21.154,1.0
52.156,21.036,1.0
52.327,21.108,1.0
52.083,21.0,1.0
52.273,21.069,1.0
52.109,21.113,1.0
52.258,21.028,1.0
52.289,21.049,1.0
52.262,20.829,1.0
52.337,20.943,1.0
52.183,21.196,1.0
52.082,20.997,1.0
52.272,21.07,1.0
52.049,20.933,1.0
52.248,20.939,1.0
52.203,20.696,1.0
52.15,21.033,1.0
52.185,20.885,1.0
52.241,21.026,1.0
52.233,21.131,1.0
52.221,21.102,1.0
52.143,21.021,1.0
52.27,21.07,1.0
52.27,21.062,1.0
52.263,21.018,1.0
52.201,21.117,1.0
52.195,21.008,1.0
52.196,20.897,1.0
52.333,20.901,1.0
52.276,21.165,1.0
52.242,21.103,1.0
52.232,20.975,1.0
52.197,20.867,1.0
52.179,21.014,1.0
52.209,20.699,1.0
52.181,20.975,1.0
52.012,20.891,1.0
52.167,20.933,1.0
52.327,21.144,1.0
52.303,20.978,1.0
52.14,20.967,1.0
52.218,20.968,1.0
52.246,21.006,1.0
52.052,20.928,1.0
52.208,20.698,1.0
52.325,21.145,1.0
52.21,21.171,1.0
52.139,20.969,1.0
52.151,21.029,1.0
52.182,21.227,1.0
52.051,20.929,1.0
52.242,21.26,1.0
52.009,20.893,1.0
52.216,20.856,1.0
52.175,21.198,1.0
52.247,21.018,1.0
52.274,21.067,1.0
52.277,21.052,1.0
52.216,20.854,1.0
52.105,21.274,1.0
52.154,21.052,1.0
52.2,21.026,1.0
52.254,20.916,1.0
52.2,21.147,1.0
52.243,20.912,1.0
52.028,20.875,1.0
52.059,21.009,1.0
52.18,20.993,1.0
52.352,21.141,1.0
52.158,21.121,1.0
52.149,21.017,1.0
52.232,20.974,1.0
52.186,20.978,1.0
52.229,20.913,1.0
52.247,21.043,1.0
52.283,20.833,1.0
52.296,21.019,1.0
52.35,21.141,1.0
52.275,21.143,1.0
52.074,20.77,1.0
52.287,21.079,1.0
52.061,21.012,1.0
52.24,20.934,1.0
52.349,21.14,1.0
52.184,21.02,1.0
52.084,21.062,1.0
52.204,21.068,1.0
52.239,20.986,1.0
52.159,21.201,1.0
52.076,20.769,1.0
52.15,21.017,1.0
52.376,20.93,1.0
52.261,21.086,1.0
52.209,20.988,1.0
52.16,21.029,1.0
52.085,21.069,1.0
52.209,20.893,1.0
52.238,21.101,1.0
52.114,21.278,1.0
52.263,20.991,1.0
52.31,20.912,1.0
52.222,20.693,1.0
52.218,21.097,1.0
52.315,20.92,1.0
52.361,21.139,1.0
52.323,20.995,1.0
52.233,21.025,1.0
52.238,20.978,1.0
52.111,21.277,1.0
52.296,21.021,1.0
52.234,20.932,1.0
52.274,20.982,1.0
52.029,20.873,1.0
52.231,21.07,1.0
52.353,21.141,1.0
52.295,21.015,1.0
52.159,21.119,1.0
52.271,21.144,1.0
52.286,21.092,1.0
52.203,21.254,1.0
52.073,20.768,1.0
52.157,21.188,1.0
52.342,21.14,1.0
52.361,21.028,1.0
52.343,21.14,1.0
52.083,21.054,1.0
52.268,21.002,1.0
52.249,21.021,1.0
52.158,21.193,1.0
52.361,21.136,1.0
52.071,20.761,1.0
52.206,20.887,1.0
52.187,20.884,1.0
52.217,20.874,1.0
52.243,21.076,1.0
52.279,20.978,1.0
52.363,21.137,1.0
52.315,21.038,1.0
52.269,21.0,1.0
52.07,20.759,1.0
52.217,20.872,1.0
52.243,21.074,1.0
52.22,21.026,1.0
52.34,21.14,1.0
52.261,21.071,1.0
52.361,21.119,1.0
52.239,21.115,1.0
52.081,21.019,1.0
52.155,21.041,1.0
52.072,20.763,1.0
52.194,21.018,1.0
52.176,20.915,1.0
52.303,21.043,1.0
52.235,20.936,1.0
52.31,20.918,1.0
52.299,20.995,1.0
52.295,21.019,1.0
52.24,21.073,1.0
52.025,20.878,1.0
52.161,20.927,1.0
52.217,20.964,1.0
52.347,21.14,1.0
52.179,21.025,1.0
52.267,21.155,1.0
52.084,21.06,1.0
52.159,21.199,1.0
52.204,21.258,1.0
52.339,20.957,1.0
52.072,20.765,1.0
52.201,21.151,1.0
52.345,21.14,1.0
52.252,20.938,1.0
52.146,20.949,1.0
52.084,21.056,1.0
52.302,21.04,1.0
52.275,20.875,1.0
52.238,20.943,1.0
52.158,21.197,1.0
52.274,21.054,1.0
52.32,21.145,1.0
52.243,21.05,1.0
52.314,21.123,1.0
52.049,20.938,1.0
52.196,20.879,1.0
52.254,20.945,1.0
52.109,20.976,1.0
52.32,21.022,1.0
52.098,20.817,1.0
52.197,21.175,1.0
52.255,20.947,1.0
52.107,20.973,1.0
52.13,21.103,1.0
52.247,20.978,1.0
52.099,20.819,1.0
52.248,21.223,1.0
52.168,21.015,1.0
52.345,20.943,1.0
52.121,20.947,1.0
52.085,20.952,1.0
52.28,20.992,1.0
52.048,20.756,1.0
52.21,20.812,1.0
52.293,21.023,1.0
52.346,20.944,1.0
52.204,20.909,1.0
52.048,20.759,1.0
52.19,20.9,1.0
52.318,21.016,1.0
52.101,20.824,1.0
52.21,20.81,1.0
52.084,20.956,1.0
52.123,20.951,1.0
52.358,21.133,1.0
52.156,21.021,1.0
52.378,20.796,1.0
52.218,20.982,1.0
52.225,21.18,1.0
52.317,21.043,1.0
52.263,20.811,1.0
52.112,20.979,1.0
52.253,21.083,1.0
52.181,21.136,1.0
52.322,21.026,1.0
52.291,20.999,1.0
52.09,21.019,1.0
52.199,21.052,1.0
52.124,20.953,1.0
52.343,20.881,1.0
52.251,20.942,1.0
52.111,20.977,1.0
52.203,21.0,1.0
52.225,20.93,1.0
52.248,21.182,1.0
52.17,21.065,1.0
52.345,20.95,1.0
52.261,20.918,1.0
52.233,20.949,1.0
52.097,20.815,1.0
52.211,20.779,1.0
52.286,20.908,1.0
52.347,20.944,1.0
52.265,20.946,1.0
52.195,20.875,1.0
52.088,20.942,1.0
52.113,21.019,1.0
52.209,20.999,1.0
52.176,20.867,1.0
52.162,20.986,1.0
52.224,21.102,1.0
52.156,20.922,1.0
52.129,20.897,1.0
52.294,20.933,1.0
52.338,20.966,1.0
52.152,21.02,1.0
52.171,21.198,1.0
52.122,20.947,1.0
52.207,21.037,1.0
52.076,21.029,1.0
52.176,20.865,1.0
52.219,20.91,1.0
52.34,20.968,1.0
52.171,21.195,1.0
52.123,20.949,1.0
52.18,21.018,1.0
52.14,21.099,1.0
52.174,20.941,1.0
52.174,20.86,1.0
52.221,20.976,1.0
52.278,20.941,1.0
52.278,21.091,1.0
52.238,20.979,1.0
52.12,20.945,1.0
52.22,20.97,1.0
52.236,21.044,1.0
52.218,21.02,1.0
52.261,20.941,1.0
52.048,20.761,1.0
52.185,20.98,1.0
52.352,20.944,1.0
52.21,20.808,1.0
52.226,21.161,1.0
52.21,21.007,1.0
52.138,20.97,1.0
52.208,21.054,1.0
52.207,20.999,1.0
52.087,21.047,1.0
52.104,20.83,1.0
52.171,21.2,1.0
52.203,21.17,1.0
52.41,21.111,1.0
52.196,21.012,1.0
52.151,21.026,1.0
52.195,20.873,1.0
52.266,20.792,1.0
52.187,21.174,1.0
52.077,21.101,1.0
52.223,20.981,1.0
52.349,20.827,1.0
52.288,21.036,1.0
52.41,21.109,1.0
52.323,21.027,1.0
52.049,20.748,1.0
52.113,20.979,1.0
52.223,21.024,1.0
52.144,20.908,1.0
52.362,21.139,1.0
52.166,21.028,1.0
52.134,20.975,1.0
52.253,20.807,1.0
52.253,20.813,1.0
52.269,21.075,1.0
52.206,21.082,1.0
52.202,21.024,1.0
52.27,21.056,1.0
52.277,21.068,1.0
52.187,21.064,1.0
52.141,20.904,1.0
52.297,20.89,1.0
52.366,20.836,1.0
52.253,20.811,1.0
52.081,20.98,1.0
52.27,21.079,1.0
52.217,20.978,1.0
52.092,21.019,1.0
52.364,20.836,1.0
52.081,20.977,1.0
52.271,21.081,1.0
52.245,20.904,1.0
52.271,20.948,1.0
52.046,20.95,1.0
52.198,21.119,1.0
52.224,20.975,1.0
52.282,21.071,1.0
52.389,20.928,1.0
52.184,20.965,1.0
52.212,20.745,1.0
52.162,20.928,1.0
52.183,20.981,1.0
52.254,21.054,1.0
52.205,21.167,1.0
52.212,20.748,1.0
52.183,21.202,1.0
52.224,20.974,1.0
52.254,20.8,1.0
52.219,20.971,1.0
52.049,20.942,1.0
52.267,20.988,1.0
52.262,20.925,1.0
52.131,21.099,1.0
52.266,21.171,1.0
52.254,20.802,1.0
52.244,20.948,1.0
52.285,20.954,1.0
52.296,20.892,1.0
52.304,21.009,1.0
52.183,20.97,1.0
52.223,21.087,1.0
52.141,20.914,1.0
52.364,21.281,1.0
52.118,21.019,1.0
52.343,21.121,1.0
52.247,21.205,1.0
52.239,20.985,1.0
52.248,20.931,1.0
52.267,20.946,1.0
52.143,21.046,1.0
52.196,21.04,1.0
52.211,20.77,1.0
52.204,20.985,1.0
52.366,21.301,1.0
52.293,21.012,1.0
52.38,21.029,1.0
52.213,20.827,1.0
52.211,20.914,1.0
52.247,21.216,1.0
52.367,21.304,1.0
52.246,21.008,1.0
52.176,21.043,1.0
52.259,20.95,1.0
52.202,20.896,1.0
52.078,21.086,1.0
52.04,20.953,1.0
52.325,21.062,1.0
52.182,20.893,1.0
52.369,21.309,1.0
52.168,21.012,1.0
52.197,21.053,1.0
52.163,21.209,1.0
52.167,21.222,1.0
52.257,20.795,1.0
52.259,21.064,1.0
52.365,21.299,1.0
52.129,20.965,1.0
52.201,20.896,1.0
52.288,21.03,1.0
52.219,21.005,1.0
52.246,21.084,1.0
52.217,20.889,1.0
52.308,21.084,1.0
52.189,21.126,1.0
52.056,21.113,1.0
52.209,20.987,1.0
52.363,21.292,1.0
52.217,21.038,1.0
52.182,21.219,1.0
52.246,20.916,1.0
52.217,20.886,1.0
52.197,21.039,1.0
52.257,20.992,1.0
52.215,20.988,1.0
52.218,21.025,1.0
52.211,20.763,1.0
52.364,21.294,1.0
52.182,21.222,1.0
52.247,20.918,1.0
52.264,20.926,1.0
52.175,21.009,1.0
52.216,20.883,1.0
52.262,20.969,1.0
52.195,21.055,1.0
52.37,21.029,1.0
52.08,20.771,1.0
52.223,20.693,1.0
52.265,20.99,1.0
52.308,21.087,1.0
52.279,21.012,1.0
52.114,20.986,1.0
52.247,20.92,1.0
52.238,20.976,1.0
52.171,21.226,1.0
52.315,21.067,1.0
52.307,21.067,1.0
52.213,21.103,1.0
52.271,20.979,1.0
52.065,20.871,1.0
52.026,20.977,1.0
52.257,21.165,1.0
52.209,21.029,1.0
52.17,21.225,1.0
52.348,21.05,1.0
52.028,20.978,1.0
52.234,21.1,1.0
52.295,20.997,1.0
52.247,20.939,1.0
52.24,20.949,1.0
52.064,21.15,1.0
52.18,20.947,1.0
52.208,21.194,1.0
52.257,21.051,1.0
52.231,20.752,1.0
52.307,20.93,1.0
52.292,20.931,1.0
52.204,20.926,1.0
52.025,20.976,1.0
52.241,20.879,1.0
52.196,20.996,1.0
52.205,20.91,1.0
52.273,21.068,1.0
52.213,21.006,1.0
52.223,21.06,1.0
52.23,21.248,1.0
52.215,21.1,1.0
52.277,21.066,1.0
52.021,20.972,1.0
52.168,21.204,1.0
52.254,21.224,1.0
52.228,20.905,1.0
52.249,20.935,1.0
52.322,20.939,1.0
52.242,20.912,1.0
52.261,20.966,1.0
52.392,21.163,1.0
52.324,20.938,1.0
52.023,20.974,1.0
52.13,21.084,1.0
52.248,20.928,1.0
52.161,21.028,1.0
52.024,20.975,1.0
52.232,21.067,1.0
52.307,21.064,1.0
52.416,21.038,1.0
52.397,21.168,1.0
52.06,20.87,1.0
52.225,21.2,1.0
52.177,21.036,1.0
52.092,21.114,1.0
52.24,20.895,1.0
52.074,21.138,1.0
52.225,21.004,1.0
52.36,20.942,1.0
52.311,20.962,1.0
52.284,21.008,1.0
52.035,20.987,1.0
52.308,21.069,1.0
52.091,21.112,1.0
52.276,21.05,1.0
52.227,20.946,1.0
52.179,21.021,1.0
52.223,20.927,1.0
52.312,20.964,1.0
52.056,20.868,1.0
52.345,20.983,1.0
52.264,21.168,1.0
52.18,21.002,1.0
52.183,20.994,1.0
52.191,20.921,1.0
52.156,21.187,1.0
52.306,21.007,1.0
52.169,21.074,1.0
52.24,21.113,1.0
52.237,21.106,1.0
52.24,21.1,1.0
52.033,20.986,1.0
52.294,20.944,1.0
52.352,21.054,1.0
52.077,21.042,1.0
52.067,21.147,1.0
52.155,20.995,1.0
52.127,21.103,1.0
52.306,20.951,1.0
52.231,20.75,1.0
52.32,20.943,1.0
52.408,21.175,1.0
52.325,21.055,1.0
52.077,21.044,1.0
52.068,21.146,1.0
52.208,21.197,1.0
52.308,20.953,1.0
52.222,20.982,1.0
52.407,21.038,1.0
52.247,21.047,1.0
52.07,21.144,1.0
52.243,21.027,1.0
52.262,20.952,1.0
52.176,21.041,1.0
52.265,20.974,1.0
52.31,20.96,1.0
52.086,20.796,1.0
52.273,20.952,1.0
52.259,21.046,1.0
52.403,21.037,1.0
52.069,20.873,1.0
52.23,21.07,1.0
52.217,21.099,1.0
52.193,21.363,1.0
52.23,20.787,1.0
52.238,21.044,1.0
52.079,20.877,1.0
52.198,21.174,1.0
52.267,20.947,1.0
52.077,21.048,1.0
52.207,21.039,1.0
52.055,21.163,1.0
52.277,20.994,1.0
52.222,21.077,1.0
52.258,20.965,1.0
52.23,20.784,1.0
52.293,20.947,1.0
52.284,20.901,1.0
52.203,21.034,1.0
52.163,21.037,1.0
52.078,20.876,1.0
52.285,20.895,1.0
52.21,20.894,1.0
52.077,21.045,1.0
52.166,21.019,1.0
52.145,21.018,1.0
52.231,20.782,1.0
52.182,20.894,1.0
52.194,21.364,1.0
52.208,20.868,1.0
52.21,21.002,1.0
52.228,21.063,1.0
52.211,20.764,1.0
52.244,21.223,1.0
52.201,21.171,1.0
52.224,21.032,1.0
52.056,20.9,1.0
52.195,20.87,1.0
52.298,21.056,1.0
52.262,21.015,1.0
52.253,21.049,1.0
52.201,21.036,1.0
52.319,20.965,1.0
52.211,20.772,1.0
52.327,20.88,1.0
52.315,21.122,1.0
52.077,21.057,1.0
52.317,21.116,1.0
52.171,21.006,1.0
52.139,21.017,1.0
52.147,21.093,1.0
52.231,20.795,1.0
52.316,21.12,1.0
52.334,20.942,1.0
52.3,20.937,1.0
52.284,20.907,1.0
52.226,21.068,1.0
52.23,20.79,1.0
52.203,21.023,1.0
52.225,21.176,1.0
52.077,20.876,1.0
52.326,20.937,1.0
52.185,20.902,1.0
52.143,21.327,1.0
52.255,20.946,1.0
52.153,21.045,1.0
52.144,21.326,1.0
52.348,20.948,1.0
52.197,21.374,1.0
52.158,20.925,1.0
52.212,20.752,1.0
52.438,21.046,1.0
52.324,21.048,1.0
52.276,21.066,1.0
52.159,21.198,1.0
52.272,21.063,1.0
52.387,21.158,1.0
52.435,21.043,1.0
52.225,21.174,1.0
52.166,21.206,1.0
52.204,20.879,1.0
52.203,20.906,1.0
52.294,21.042,1.0
52.304,21.06,1.0
52.202,21.059,1.0
52.243,21.171,1.0
52.232,21.251,1.0
52.141,21.33,1.0
52.284,20.922,1.0
52.413,21.178,1.0
52.291,21.069,1.0
52.223,21.254,1.0
52.095,21.135,1.0
52.278,21.068,1.0
52.231,20.78,1.0
52.194,21.367,1.0
52.302,21.059,1.0
52.232,20.977,1.0
52.205,21.032,1.0
52.332,20.936,1.0
52.014,20.965,1.0
52.259,21.142,1.0
52.194,21.179,1.0
52.235,21.224,1.0
52.285,20.89,1.0
52.243,20.867,1.0
52.148,21.322,1.0
52.016,20.968,1.0
52.227,21.065,1.0
52.231,20.777,1.0
52.195,21.369,1.0
52.187,20.872,1.0
52.015,20.966,1.0
52.226,21.087,1.0
52.434,21.042,1.0
52.247,21.102,1.0
52.161,21.05,1.0
52.193,20.982,1.0
52.155,20.922,1.0
52.211,20.756,1.0
52.344,20.985,1.0
52.263,21.166,1.0
52.333,20.97,1.0
52.356,21.192,1.0
52.328,20.968,1.0
52.222,21.067,1.0
52.134,21.075,1.0
52.332,21.03,1.0
52.371,21.144,1.0
52.313,21.002,1.0
52.276,21.142,1.0
52.245,20.859,1.0
52.308,20.928,1.0
52.217,20.895,1.0
52.192,20.948,1.0
52.209,21.172,1.0
52.208,20.969,1.0
52.168,20.994,1.0
52.13,21.082,1.0
52.124,21.29,1.0
52.276,21.049,1.0
52.309,20.927,1.0
52.193,20.88,1.0
52.242,21.072,1.0
52.215,21.319,1.0
52.357,21.19,1.0
52.367,21.142,1.0
52.241,21.082,1.0
52.165,21.221,1.0
52.246,21.078,1.0
52.125,21.295,1.0
52.288,21.037,1.0
52.357,21.189,1.0
52.204,20.939,1.0
52.233,20.703,1.0
52.078,20.771,1.0
52.209,21.109,1.0
52.384,21.029,1.0
52.273,21.118,1.0
52.351,21.191,1.0
52.244,21.036,1.0
52.286,20.973,1.0
52.244,20.865,1.0
52.247,21.02,1.0
52.202,20.982,1.0
52.228,20.948,1.0
52.24,21.063,1.0
52.244,20.861,1.0
52.211,21.167,1.0
52.351,21.129,1.0
52.142,21.028,1.0
52.279,21.141,1.0
52.126,21.297,1.0
52.285,21.047,1.0
52.304,21.09,1.0
52.286,21.102,1.0
52.241,21.065,1.0
52.145,21.052,1.0
52.165,21.207,1.0
52.28,21.172,1.0
52.247,20.931,1.0
52.465,21.075,1.0
52.252,20.898,1.0
52.189,20.917,1.0
52.205,21.064,1.0
52.159,21.05,1.0
52.119,21.281,1.0
52.223,21.044,1.0
52.183,21.055,1.0
52.036,20.866,1.0
52.24,21.082,1.0
52.218,21.017,1.0
52.257,21.01,1.0
52.153,21.044,1.0
52.035,20.867,1.0
52.363,21.139,1.0
52.205,20.987,1.0
52.191,21.072,1.0
52.265,20.883,1.0
52.372,21.145,1.0
52.224,20.693,1.0
52.081,20.771,1.0
52.204,20.878,1.0
52.264,20.991,1.0
52.289,20.827,1.0
52.36,21.174,1.0
52.27,21.149,1.0
52.286,21.086,1.0
52.085,21.071,1.0
52.207,20.967,1.0
52.256,21.011,1.0
52.291,20.821,1.0
52.334,20.979,1.0
52.334,20.981,1.0
52.132,20.971,1.0
52.131,21.087,1.0
52.252,21.015,1.0
52.207,21.061,1.0
52.299,20.904,1.0
52.227,20.999,1.0
52.245,21.08,1.0
52.214,21.324,1.0
52.358,21.187,1.0
52.365,21.14,1.0
52.466,21.075,1.0
52.323,20.962,1.0
52.174,21.017,1.0
52.379,20.924,1.0
52.122,21.285,1.0
52.201,20.984,1.0
52.201,20.935,1.0
52.213,21.327,1.0
52.359,21.185,1.0
52.16,21.073,1.0
52.269,20.932,1.0
52.163,21.107,1.0
52.268,21.153,1.0
52.334,20.983,1.0
52.13,20.967,1.0
52.268,20.987,1.0
52.258,21.041,1.0
52.243,20.87,1.0
52.075,21.137,1.0
52.079,20.787,1.0
52.239,21.005,1.0
52.247,20.948,1.0
52.245,21.088,1.0
52.228,20.899,1.0
52.08,20.788,1.0
52.286,21.047,1.0
52.247,20.911,1.0
52.392,21.162,1.0
52.238,21.1,1.0
52.081,21.131,1.0
52.158,21.223,1.0
52.28,21.057,1.0
52.157,21.177,1.0
52.318,21.019,1.0
52.228,21.09,1.0
52.391,21.161,1.0
52.318,20.964,1.0
52.164,21.084,1.0
52.172,21.182,1.0
52.084,21.128,1.0
52.155,21.073,1.0
52.078,20.785,1.0
52.22,21.298,1.0
52.389,21.16,1.0
52.451,21.066,1.0
52.081,21.021,1.0
52.395,21.034,1.0
52.081,20.79,1.0
52.247,20.928,1.0
52.234,20.731,1.0
52.282,21.053,1.0
52.232,20.735,1.0
52.053,20.867,1.0
52.18,21.058,1.0
52.178,21.028,1.0
52.274,21.171,1.0
52.293,20.932,1.0
52.233,20.733,1.0
52.285,21.051,1.0
52.231,21.098,1.0
52.333,20.969,1.0
52.258,20.95,1.0
52.392,20.925,1.0
52.295,21.049,1.0
52.238,21.029,1.0
52.05,20.866,1.0
52.236,21.083,1.0
52.26,20.952,1.0
52.263,21.057,1.0
52.292,21.08,1.0
52.234,20.729,1.0
52.134,20.899,1.0
52.234,21.108,1.0
52.172,21.058,1.0
52.088,21.104,1.0
52.262,20.953,1.0
52.241,21.014,1.0
52.235,20.914,1.0
52.457,21.075,1.0
52.212,21.106,1.0
52.382,21.154,1.0
52.454,21.071,1.0
52.179,21.29,1.0
52.174,21.177,1.0
52.085,21.092,1.0
52.233,20.711,1.0
52.386,20.926,1.0
52.044,20.863,1.0
52.218,21.306,1.0
52.455,21.072,1.0
52.253,20.965,1.0
52.229,20.966,1.0
52.06,20.846,1.0
52.045,20.864,1.0
52.223,21.233,1.0
52.217,21.308,1.0
52.236,21.087,1.0
52.38,21.152,1.0
52.228,21.002,1.0
52.456,21.074,1.0
52.257,21.166,1.0
52.115,21.019,1.0
52.242,20.873,1.0
52.217,21.31,1.0
52.349,21.194,1.0
52.378,21.151,1.0
52.216,21.165,1.0
52.24,20.913,1.0
52.077,20.783,1.0
52.241,20.882,1.0
52.188,20.848,1.0
52.238,20.961,1.0
52.271,20.985,1.0
52.247,20.934,1.0
52.306,21.055,1.0
52.076,20.778,1.0
52.201,21.124,1.0
52.27,21.061,1.0
52.407,21.174,1.0
52.331,20.941,1.0
52.172,21.186,1.0
52.297,21.042,1.0
52.234,20.716,1.0
52.286,21.109,1.0
52.194,20.97,1.0
52.201,21.127,1.0
52.131,21.069,1.0
52.389,21.031,1.0
52.241,21.022,1.0
52.303,20.939,1.0
52.384,21.155,1.0
52.219,21.1,1.0
52.241,20.88,1.0
52.266,20.958,1.0
52.265,21.066,1.0
52.246,20.982,1.0
52.327,21.109,1.0
52.244,21.096,1.0
52.158,20.902,1.0
52.291,20.835,1.0
52.254,20.994,1.0
52.219,21.135,1.0
52.259,20.598,1.0
52.248,20.898,1.0
52.047,20.979,1.0
52.16,21.305,1.0
52.423,21.035,1.0
52.214,20.835,1.0
52.229,21.009,1.0
52.301,20.782,1.0
52.259,20.601,1.0
52.345,21.028,1.0
52.048,20.981,1.0
52.161,21.304,1.0
52.284,20.981,1.0
52.224,21.084,1.0
52.203,21.049,1.0
52.193,20.914,1.0
52.248,20.999,1.0
52.203,21.169,1.0
52.369,20.94,1.0
52.101,20.889,1.0
52.259,20.603,1.0
52.197,20.993,1.0
52.213,20.833,1.0
52.238,21.118,1.0
52.219,20.972,1.0
52.18,21.232,1.0
52.244,21.174,1.0
52.158,21.308,1.0
52.36,21.129,1.0
52.198,20.966,1.0
52.253,20.912,1.0
52.181,20.883,1.0
52.157,21.043,1.0
52.124,20.874,1.0
52.23,21.071,1.0
52.213,20.83,1.0
52.156,21.045,1.0
52.303,20.778,1.0
52.309,20.983,1.0
52.236,20.976,1.0
52.171,21.011,1.0
52.225,20.897,1.0
52.187,21.082,1.0
52.189,21.006,1.0
52.046,20.978,1.0
52.249,21.255,1.0
52.36,21.132,1.0
52.244,20.86,1.0
52.251,20.955,1.0
52.156,21.044,1.0
52.112,20.85,1.0
52.111,20.847,1.0
52.222,21.04,1.0
52.313,20.978,1.0
52.078,21.059,1.0
52.229,21.023,1.0
52.25,20.917,1.0
52.155,21.05,1.0
52.211,20.868,1.0
52.24,20.989,1.0
52.182,21.055,1.0
52.361,20.835,1.0
52.217,21.041,1.0
52.222,21.163,1.0
52.156,21.0,1.0
52.259,21.052,1.0
52.216,21.096,1.0
52.257,21.062,1.0
52.315,20.977,1.0
52.249,21.018,1.0
52.24,20.941,1.0
52.254,20.924,1.0
52.154,21.053,1.0
52.197,20.907,1.0
52.212,20.869,1.0
52.153,21.091,1.0
52.193,20.883,1.0
52.048,20.983,1.0
52.194,20.912,1.0
52.108,20.84,1.0
52.202,21.17,1.0
52.211,21.088,1.0
52.18,21.149,1.0
52.249,21.224,1.0
52.101,20.892,1.0
52.245,20.858,1.0
52.194,20.89,1.0
52.27,20.982,1.0
52.241,21.04,1.0
52.201,21.172,1.0
52.215,21.017,1.0
52.179,21.15,1.0
52.26,20.608,1.0
52.245,20.897,1.0
52.207,21.041,1.0
52.292,21.046,1.0
52.213,20.871,1.0
52.26,21.064,1.0
52.169,21.041,1.0
52.265,20.885,1.0
52.152,20.924,1.0
52.214,21.046,1.0
52.284,20.903,1.0
52.176,20.868,1.0
52.281,21.07,1.0
52.195,20.927,1.0
52.306,20.884,1.0
52.235,21.091,1.0
52.339,21.218,1.0
52.15,21.045,1.0
52.184,20.979,1.0
52.142,21.029,1.0
52.22,21.045,1.0
52.077,21.038,1.0
52.254,20.907,1.0
52.242,20.874,1.0
52.298,21.028,1.0
52.117,20.983,1.0
52.249,21.247,1.0
52.251,20.916,1.0
52.241,21.164,1.0
52.221,21.084,1.0
52.157,21.176,1.0
52.177,20.871,1.0
52.255,20.985,1.0
52.251,20.917,1.0
52.362,21.12,1.0
52.221,20.985,1.0
52.196,20.883,1.0
52.27,20.874,1.0
52.297,21.024,1.0
52.156,21.034,1.0
52.04,20.968,1.0
52.216,21.016,1.0
52.247,21.048,1.0
52.361,21.117,1.0
52.169,20.937,1.0
52.25,20.919,1.0
52.176,20.866,1.0
52.226,20.996,1.0
52.181,21.055,1.0
52.233,21.129,1.0
52.212,21.16,1.0
52.217,20.906,1.0
52.338,21.216,1.0
52.364,20.946,1.0
52.071,21.016,1.0
52.173,21.027,1.0
52.298,21.026,1.0
52.117,20.981,1.0
52.246,21.043,1.0
52.307,20.883,1.0
52.305,20.773,1.0
52.156,21.073,1.0
52.262,20.955,1.0
52.153,21.049,1.0
52.077,21.046,1.0
52.173,21.039,1.0
52.3,21.035,1.0
52.115,20.987,1.0
52.043,20.973,1.0
52.156,21.312,1.0
52.362,21.124,1.0
52.222,21.078,1.0
52.244,20.999,1.0
52.327,20.881,1.0
52.156,20.989,1.0
52.151,20.927,1.0
52.239,20.952,1.0
52.113,20.986,1.0
52.35,21.029,1.0
52.361,21.054,1.0
52.361,21.127,1.0
52.159,21.042,1.0
52.242,21.025,1.0
52.213,20.828,1.0
52.183,21.02,1.0
52.323,21.049,1.0
52.31,20.883,1.0
52.131,21.018,1.0
52.325,21.048,1.0
52.362,21.055,1.0
52.284,20.905,1.0
52.243,20.872,1.0
52.261,20.952,1.0
52.299,21.03,1.0
52.153,21.316,1.0
52.178,20.873,1.0
52.212,20.82,1.0
52.209,21.164,1.0
52.191,20.862,1.0
52.245,20.967,1.0
52.24,21.027,1.0
52.284,20.909,1.0
52.209,21.026,1.0
52.299,21.032,1.0
52.102,21.049,1.0
52.249,21.249,1.0
52.242,21.168,1.0
52.155,21.313,1.0
52.179,20.875,1.0
52.162,21.038,1.0
52.217,20.879,1.0
52.24,20.986,1.0
52.195,21.178,1.0
52.157,21.021,1.0
52.363,20.836,1.0
52.351,21.245,1.0
52.228,21.006,1.0
52.186,21.224,1.0
52.146,21.063,1.0
52.229,21.224,1.0
52.264,21.005,1.0
52.274,20.996,1.0
52.258,20.918,1.0
52.189,20.963,1.0
52.143,21.066,1.0
52.415,21.179,1.0
52.309,20.988,1.0
52.441,21.015,1.0
52.22,21.163,1.0
52.352,21.247,1.0
52.308,21.092,1.0
52.339,21.067,1.0
52.227,21.224,1.0
52.263,20.645,1.0
52.267,21.003,1.0
52.245,20.902,1.0
52.214,21.136,1.0
52.255,20.924,1.0
52.328,20.904,1.0
52.261,21.087,1.0
52.144,21.064,1.0
52.35,21.243,1.0
52.203,21.072,1.0
52.258,20.919,1.0
52.294,21.033,1.0
52.225,21.179,1.0
52.188,20.914,1.0
52.223,20.982,1.0
52.117,20.865,1.0
52.308,20.883,1.0
52.207,21.19,1.0
52.326,20.88,1.0
52.311,21.095,1.0
52.282,21.046,1.0
52.234,21.009,1.0
52.147,21.061,1.0
52.277,21.013,1.0
52.078,21.079,1.0
52.263,20.639,1.0
52.244,20.899,1.0
52.228,21.032,1.0
52.136,21.062,1.0
52.184,21.046,1.0
52.202,21.06,1.0
52.181,20.888,1.0
52.248,21.144,1.0
52.263,21.044,1.0
52.251,21.147,1.0
52.351,20.975,1.0
52.292,21.056,1.0
52.094,20.927,1.0
52.289,20.877,1.0
52.245,20.909,1.0
52.261,20.955,1.0
52.185,20.959,1.0
52.24,20.898,1.0
52.21,20.895,1.0
52.183,20.894,1.0
52.138,21.07,1.0
52.376,20.929,1.0
52.014,20.966,1.0
52.181,21.191,1.0
52.292,21.052,1.0
52.223,21.038,1.0
52.15,21.038,1.0
52.094,20.929,1.0
52.203,21.039,1.0
52.298,21.084,1.0
52.252,21.149,1.0
52.257,20.996,1.0
52.289,20.934,1.0
52.353,21.252,1.0
52.142,21.067,1.0
52.341,21.067,1.0
52.226,21.034,1.0
52.109,20.843,1.0
52.017,20.968,1.0
52.174,21.014,1.0
52.326,20.908,1.0
52.227,20.958,1.0
52.255,21.14,1.0
52.352,21.25,1.0
52.307,21.091,1.0
52.328,21.11,1.0
52.292,21.058,1.0
52.182,21.19,1.0
52.27,21.017,1.0
52.245,20.906,1.0
52.261,20.958,1.0
52.184,20.961,1.0
52.25,21.145,1.0
52.233,21.096,1.0
52.14,21.068,1.0
52.26,20.964,1.0
52.246,20.978,1.0
52.015,20.967,1.0
52.095,21.032,1.0
52.132,21.099,1.0
52.097,20.918,1.0
52.282,20.952,1.0
52.034,20.987,1.0
52.24,20.922,1.0
52.25,21.131,1.0
52.217,21.018,1.0
52.155,21.008,1.0
52.147,21.05,1.0
52.219,21.101,1.0
52.247,21.055,1.0
52.099,20.902,1.0
52.05,20.992,1.0
52.38,20.923,1.0
52.271,21.062,1.0
52.226,21.157,1.0
52.301,21.059,1.0
52.033,20.985,1.0
52.15,21.034,1.0
52.099,20.904,1.0
52.261,20.62,1.0
52.268,20.958,1.0
52.156,21.188,1.0
52.145,21.094,1.0
52.208,21.061,1.0
52.2,20.901,1.0
52.254,20.974,1.0
52.193,20.942,1.0
52.255,20.916,1.0
52.223,21.162,1.0
52.224,21.203,1.0
52.226,21.089,1.0
52.189,21.013,1.0
52.218,21.098,1.0
52.299,20.792,1.0
52.217,21.023,1.0
52.141,21.098,1.0
52.195,20.934,1.0
52.167,21.295,1.0
52.415,21.186,1.0
52.159,20.925,1.0
52.239,20.984,1.0
52.236,21.093,1.0
52.247,20.991,1.0
52.035,20.988,1.0
52.291,20.832,1.0
52.365,20.836,1.0
52.241,20.925,1.0
52.191,20.982,1.0
52.242,21.004,1.0
52.318,20.975,1.0
52.105,21.11,1.0
52.379,20.925,1.0
52.233,21.224,1.0
52.024,20.974,1.0
52.433,21.028,1.0
52.019,20.884,1.0
52.027,20.977,1.0
52.174,21.02,1.0
52.187,21.063,1.0
52.232,20.957,1.0
52.215,21.127,1.0
52.243,21.261,1.0
52.212,20.896,1.0
52.149,21.06,1.0
52.313,20.883,1.0
52.352,21.128,1.0
52.349,21.237,1.0
52.149,21.058,1.0
52.292,21.021,1.0
52.175,21.154,1.0
52.239,20.904,1.0
52.097,20.916,1.0
52.183,20.971,1.0
52.436,21.022,1.0
52.022,20.973,1.0
52.115,20.86,1.0
52.156,20.957,1.0
52.257,20.968,1.0
52.236,20.978,1.0
52.03,20.98,1.0
52.031,20.982,1.0
52.207,20.916,1.0
52.224,21.214,1.0
52.154,21.01,1.0
52.099,20.907,1.0
52.228,20.967,1.0
52.171,21.083,1.0
52.051,20.996,1.0
52.292,21.0,1.0
52.412,21.038,1.0
52.19,21.182,1.0
52.273,21.064,1.0
52.324,20.939,1.0
52.23,21.023,1.0
52.201,21.001,1.0
52.226,21.162,1.0
52.186,20.906,1.0
52.017,20.885,1.0
52.188,21.185,1.0
52.288,21.073,1.0
52.078,21.071,1.0
52.258,21.009,1.0
52.242,20.879,1.0
52.243,21.084,1.0
52.292,21.05,1.0
52.233,20.966,1.0
52.232,20.915,1.0
52.265,21.042,1.0
52.284,20.902,1.0
52.324,21.026,1.0
52.222,21.103,1.0
52.207,21.04,1.0
52.242,21.106,1.0
52.079,21.025,1.0
52.296,20.964,1.0
52.197,20.895,1.0
52.196,20.995,1.0
52.149,21.046,1.0
52.25,21.041,1.0
52.226,20.994,1.0
52.211,20.978,1.0
52.295,20.966,1.0
52.183,21.078,1.0
52.04,20.951,1.0
52.082,21.042,1.0
52.229,21.094,1.0
52.159,21.224,1.0
52.127,21.311,1.0
52.264,20.921,1.0
52.278,20.993,1.0
51.991,21.212,1.0
52.332,21.025,1.0
52.289,20.997,1.0
52.218,20.908,1.0
52.161,21.102,1.0
52.301,20.952,1.0
52.291,21.041,1.0
52.263,20.944,1.0
52.308,21.075,1.0
52.258,21.051,1.0
52.269,20.986,1.0
52.282,21.009,1.0
52.264,20.951,1.0
52.197,21.04,1.0
52.161,21.098,1.0
52.24,21.111,1.0
52.213,21.051,1.0
51.992,21.211,1.0
52.302,20.938,1.0
52.174,21.05,1.0
52.308,21.072,1.0
52.278,21.044,1.0
52.181,20.881,1.0
52.292,20.902,1.0
52.219,20.914,1.0
52.312,21.06,1.0
52.272,20.926,1.0
52.212,20.978,1.0
52.226,20.942,1.0
52.262,20.889,1.0
52.271,20.994,1.0
52.291,20.975,1.0
52.286,20.885,1.0
52.332,20.874,1.0
52.381,21.024,1.0
52.209,21.027,1.0
52.22,20.917,1.0
52.228,21.089,1.0
52.196,20.93,1.0
52.172,21.229,1.0
52.233,21.117,1.0
52.139,20.968,1.0
52.129,20.896,1.0
52.289,20.981,1.0
52.187,20.993,1.0
52.087,21.046,1.0
52.132,21.325,1.0
52.315,21.007,1.0
52.304,20.938,1.0
52.157,21.076,1.0
52.163,21.085,1.0
52.233,21.026,1.0
52.233,21.027,1.0
52.147,20.912,1.0
52.202,20.969,1.0
52.248,21.2,1.0
52.182,21.223,1.0
52.273,20.911,1.0
52.208,20.979,1.0
52.294,20.969,1.0
52.11,20.977,1.0
52.112,21.018,1.0
52.247,21.208,1.0
52.308,20.909,1.0
52.127,21.313,1.0
52.098,20.806,1.0
52.252,20.98,1.0
52.326,20.907,1.0
52.291,21.019,1.0
52.224,20.931,1.0
52.169,21.224,1.0
52.293,20.971,1.0
52.129,21.317,1.0
52.319,21.019,1.0
52.452,21.01,1.0
52.241,21.134,1.0
52.267,21.02,1.0
52.234,21.116,1.0
52.226,21.023,1.0
52.29,20.999,1.0
52.278,20.979,1.0
52.235,21.019,1.0
52.268,21.121,1.0
52.25,21.175,1.0
52.321,21.025,1.0
52.191,21.171,1.0
52.157,21.189,1.0
52.21,20.868,1.0
52.25,21.177,1.0
52.235,21.097,1.0
52.148,21.031,1.0
52.15,20.916,1.0
52.339,21.029,1.0
52.195,20.909,1.0
52.174,21.018,1.0
52.16,20.992,1.0
52.263,21.06,1.0
52.19,21.126,1.0
52.183,21.134,1.0
52.283,20.919,1.0
52.3,21.011,1.0
52.256,20.815,1.0
52.202,20.931,1.0
52.293,21.049,1.0
52.291,20.976,1.0
52.288,20.982,1.0
52.284,20.955,1.0
52.353,21.054,1.0
52.238,21.146,1.0
52.216,20.964,1.0
52.35,21.192,1.0
52.15,21.046,1.0
52.159,21.12,1.0
52.133,21.099,1.0
52.183,21.205,1.0
52.178,21.009,1.0
52.113,21.278,1.0
52.237,21.099,1.0
52.29,21.004,1.0
52.148,21.043,1.0
52.208,20.964,1.0
52.16,21.118,1.0
52.078,21.114,1.0
52.157,21.193,1.0
52.388,20.993,1.0
52.186,21.13,1.0
52.34,21.028,1.0
52.151,20.917,1.0
52.349,21.195,1.0
52.194,20.911,1.0
52.09,21.049,1.0
52.4,20.944,1.0
52.31,20.959,1.0
52.209,20.975,1.0
52.292,20.949,1.0
52.27,20.983,1.0
52.242,21.035,1.0
52.304,20.935,1.0
52.302,20.947,1.0
52.044,20.952,1.0
52.177,21.021,1.0
52.262,21.054,1.0
52.207,21.023,1.0
52.177,21.142,1.0
52.403,20.948,1.0
52.286,21.05,1.0
52.233,21.097,1.0
52.29,20.903,1.0
52.156,21.035,1.0
52.297,20.997,1.0
52.133,20.972,1.0
52.173,21.036,1.0
52.301,20.95,1.0
52.043,20.954,1.0
52.155,20.992,1.0
52.345,21.123,1.0
52.281,21.071,1.0
52.191,21.124,1.0
52.183,21.054,1.0
52.113,20.799,1.0
52.343,20.847,1.0
52.247,21.032,1.0
52.299,21.012,1.0
52.132,20.983,1.0
52.194,20.913,1.0
52.263,20.888,1.0
52.183,21.0,1.0
52.397,20.927,1.0
52.216,20.984,1.0
52.089,21.019,1.0
52.158,21.031,1.0
52.182,21.224,1.0
52.257,21.167,1.0
52.145,20.909,1.0
52.255,21.056,1.0
52.19,20.915,1.0
52.192,21.279,1.0
52.313,20.966,1.0
52.347,20.948,1.0
52.195,21.121,1.0
52.236,20.914,1.0
52.16,21.087,1.0
52.161,21.095,1.0
52.217,20.903,1.0
52.204,21.071,1.0
52.148,20.942,1.0
52.031,20.961,1.0
52.208,21.264,1.0
52.143,21.328,1.0
52.325,21.106,1.0
52.261,20.5,1.0
52.232,21.041,1.0
52.111,20.889,1.0
52.227,20.947,1.0
52.034,20.963,1.0
52.213,21.104,1.0
52.177,21.035,1.0
52.145,21.326,1.0
52.258,20.995,1.0
52.252,21.028,1.0
52.251,20.923,1.0
52.174,20.855,1.0
52.05,20.993,1.0
52.211,20.985,1.0
52.228,21.042,1.0
52.141,21.06,1.0
52.297,20.995,1.0
52.158,21.032,1.0
52.233,21.039,1.0
52.215,20.959,1.0
52.258,21.044,1.0
52.287,20.932,1.0
52.275,20.963,1.0
52.201,20.9,1.0
52.335,20.882,1.0
52.338,21.205,1.0
52.139,21.098,1.0
52.275,20.87,1.0
52.286,21.046,1.0
52.211,21.212,1.0
52.191,20.956,1.0
52.132,20.89,1.0
52.324,20.941,1.0
52.406,21.2,1.0
52.243,20.913,1.0
52.436,21.023,1.0
52.185,20.954,1.0
52.317,20.919,1.0
52.292,21.004,1.0
52.295,21.101,1.0
52.204,21.134,1.0
52.03,20.96,1.0
52.237,21.111,1.0
52.195,20.896,1.0
52.212,21.26,1.0
52.193,20.894,1.0
52.146,21.324,1.0
52.225,21.044,1.0
52.223,21.045,1.0
52.293,21.038,1.0
52.149,21.321,1.0
52.249,21.022,1.0
52.192,20.978,1.0
52.234,21.109,1.0
52.283,20.917,1.0
52.264,21.122,1.0
52.316,20.975,1.0
52.25,21.234,1.0
52.266,21.075,1.0
52.226,21.043,1.0
52.212,21.133,1.0
52.039,20.967,1.0
52.252,20.913,1.0
52.222,20.917,1.0
52.15,21.319,1.0
52.361,21.114,1.0
52.168,20.935,1.0
52.192,20.879,1.0
52.175,20.864,1.0
52.194,21.055,1.0
52.038,20.966,1.0
52.268,20.935,1.0
52.324,20.97,1.0
52.339,20.943,1.0
52.176,20.914,1.0
52.258,21.027,1.0
52.169,21.07,1.0
52.232,21.02,1.0
52.226,20.995,1.0
52.217,20.992,1.0
52.286,21.09,1.0
52.25,21.23,1.0
52.314,21.002,1.0
52.227,21.043,1.0
52.172,21.081,1.0
52.152,21.028,1.0
52.246,21.007,1.0
52.036,20.965,1.0
52.257,20.99,1.0
52.193,20.975,1.0
52.19,20.876,1.0
52.271,20.938,1.0
52.409,21.205,1.0
52.317,21.059,1.0
52.233,21.113,1.0
52.21,20.813,1.0
52.252,21.047,1.0
52.173,20.846,1.0
52.309,20.928,1.0
52.094,20.812,1.0
52.138,20.901,1.0
52.234,21.128,1.0
52.326,21.034,1.0
52.209,20.913,1.0
52.156,21.047,1.0
52.243,21.172,1.0
52.225,20.936,1.0
52.134,21.329,1.0
52.228,20.9,1.0
52.193,20.944,1.0
52.347,20.87,1.0
52.264,21.021,1.0
52.168,21.068,1.0
52.351,20.945,1.0
52.195,21.05,1.0
52.234,21.224,1.0
52.235,21.099,1.0
52.21,21.133,1.0
52.208,21.196,1.0
52.444,21.004,1.0
52.252,21.029,1.0
52.246,20.984,1.0
52.235,21.039,1.0
52.187,20.955,1.0
52.225,21.147,1.0
52.287,20.984,1.0
52.2,21.123,1.0
52.335,21.115,1.0
52.305,20.936,1.0
52.447,21.003,1.0
52.256,20.999,1.0
52.152,21.091,1.0
52.209,21.133,1.0
52.226,21.224,1.0
52.277,20.873,1.0
52.297,21.022,1.0
52.38,21.027,1.0
52.28,21.056,1.0
52.226,20.943,1.0
52.317,21.011,1.0
52.403,20.916,1.0
52.257,21.001,1.0
52.17,20.974,1.0
52.192,21.048,1.0
52.272,20.811,1.0
52.093,21.13,1.0
52.286,20.986,1.0
52.186,21.065,1.0
52.095,20.813,1.0
52.236,21.223,1.0
52.204,21.268,1.0
52.168,20.982,1.0
52.227,21.013,1.0
52.201,21.135,1.0
52.241,21.222,1.0
52.267,20.819,1.0
52.233,21.159,1.0
52.266,21.028,1.0
52.21,21.206,1.0
52.1,20.82,1.0
52.227,20.916,1.0
52.226,21.014,1.0
52.307,20.953,1.0
52.246,20.977,1.0
52.266,20.82,1.0
52.097,21.019,1.0
52.441,21.016,1.0
52.19,20.958,1.0
52.21,20.795,1.0
52.222,21.151,1.0
52.277,21.043,1.0
52.275,20.868,1.0
52.237,20.972,1.0
52.195,21.002,1.0
52.191,20.955,1.0
52.188,20.965,1.0
52.2,21.275,1.0
52.23,21.062,1.0
52.229,21.16,1.0
52.242,21.167,1.0
52.208,21.199,1.0
52.192,20.949,1.0
52.161,21.072,1.0
52.277,21.067,1.0
52.119,20.893,1.0
52.211,21.075,1.0
52.265,20.97,1.0
52.201,21.272,1.0
52.209,21.201,1.0
52.176,21.044,1.0
52.178,21.044,1.0
52.196,20.909,1.0
52.229,21.14,1.0
52.156,21.074,1.0
52.306,20.95,1.0
52.181,21.07,1.0
52.215,20.967,1.0
52.197,21.001,1.0
52.231,21.159,1.0
52.209,21.203,1.0
52.378,20.925,1.0
52.259,20.96,1.0
52.078,21.091,1.0
52.172,21.057,1.0
52.225,21.09,1.0
52.207,21.174,1.0
52.241,20.924,1.0
52.226,21.15,1.0
52.171,21.064,1.0
52.243,21.097,1.0
52.246,20.994,1.0
52.246,20.941,1.0
52.094,21.13,1.0
52.159,21.203,1.0
52.214,21.139,1.0
52.187,21.148,1.0
52.251,21.027,1.0
52.237,20.897,1.0
52.254,20.848,1.0
52.203,21.157,1.0
52.25,20.98,1.0
52.087,20.824,1.0
52.309,21.094,1.0
52.342,20.987,1.0
52.325,21.032,1.0
52.226,21.055,1.0
52.214,21.145,1.0
52.228,20.916,1.0
52.202,21.155,1.0
52.304,20.946,1.0
52.234,21.253,1.0
52.154,21.039,1.0
52.107,21.113,1.0
52.184,21.06,1.0
52.185,21.002,1.0
52.238,21.119,1.0
52.27,20.986,1.0
52.069,20.942,1.0
52.254,20.744,1.0
52.174,21.012,1.0
52.253,20.934,1.0
52.194,21.18,1.0
52.162,21.025,1.0
52.184,21.059,1.0
52.073,20.875,1.0
52.34,20.991,1.0
52.225,21.061,1.0
52.069,20.943,1.0
52.214,21.137,1.0
52.187,21.146,1.0
52.179,21.009,1.0
52.235,21.254,1.0
52.195,21.179,1.0
52.186,21.153,1.0
52.24,20.897,1.0
52.313,21.097,1.0
52.225,21.015,1.0
52.078,20.877,1.0
52.274,21.06,1.0
52.157,21.19,1.0
52.391,20.901,1.0
52.226,20.855,1.0
52.189,20.915,1.0
52.259,20.853,1.0
52.225,21.024,1.0
52.394,20.929,1.0
52.319,21.102,1.0
52.08,20.877,1.0
52.308,21.062,1.0
52.368,20.836,1.0
52.245,21.086,1.0
52.068,20.957,1.0
52.205,21.066,1.0
52.224,20.897,1.0
52.271,20.964,1.0
52.389,20.902,1.0
52.185,21.163,1.0
52.084,21.022,1.0
52.035,20.963,1.0
52.252,21.048,1.0
52.311,20.96,1.0
52.323,21.032,1.0
52.261,21.164,1.0
52.176,21.176,1.0
52.253,20.73,1.0
52.395,20.897,1.0
52.214,21.149,1.0
52.361,20.937,1.0
52.257,20.753,1.0
52.095,21.134,1.0
52.255,20.725,1.0
52.269,20.988,1.0
52.394,20.898,1.0
52.308,20.954,1.0
52.194,21.121,1.0
52.251,20.924,1.0
52.268,20.983,1.0
52.196,20.931,1.0
52.247,21.211,1.0
52.224,21.015,1.0
52.173,21.177,1.0
52.077,21.022,1.0
52.255,20.722,1.0
52.157,21.192,1.0
52.392,20.9,1.0
52.234,20.928,1.0
52.211,21.012,1.0
52.07,20.94,1.0
52.248,21.046,1.0
52.064,20.922,1.0
52.192,20.914,1.0
52.254,20.728,1.0
52.24,20.987,1.0
52.27,20.963,1.0
52.182,21.057,1.0
52.199,20.876,1.0
52.318,21.101,1.0
52.27,20.941,1.0
52.224,20.933,1.0
52.364,21.139,1.0
52.217,20.89,1.0
52.217,20.884,1.0
52.254,21.044,1.0
52.226,21.079,1.0
52.148,20.914,1.0
52.066,20.872,1.0
52.241,21.111,1.0
52.229,20.914,1.0
52.191,21.148,1.0
52.225,21.109,1.0
52.211,21.261,1.0
52.213,21.326,1.0
52.214,21.259,1.0
52.296,21.018,1.0
52.217,20.892,1.0
52.192,21.155,1.0
52.227,21.112,1.0
52.212,21.064,1.0
52.163,21.163,1.0
52.249,21.045,1.0
52.266,21.043,1.0
52.279,20.979,1.0
52.273,21.062,1.0
52.215,21.257,1.0
52.36,21.029,1.0
52.287,20.906,1.0
52.269,20.945,1.0
52.243,21.073,1.0
52.063,20.92,1.0
52.305,21.05,1.0
52.254,20.726,1.0
52.283,20.972,1.0
52.257,20.758,1.0
52.191,21.152,1.0
52.226,21.111,1.0
52.217,21.218,1.0
52.182,20.986,1.0
52.306,21.06,1.0
52.226,21.153,1.0
52.239,21.117,1.0
52.199,20.966,1.0
52.249,21.031,1.0
52.361,20.855,1.0
52.244,21.081,1.0
52.123,21.013,1.0
52.27,21.144,1.0
52.215,21.126,1.0
52.208,21.109,1.0
52.189,21.185,1.0
52.314,21.097,1.0
52.228,20.876,1.0
52.362,20.853,1.0
52.187,21.186,1.0
52.272,21.143,1.0
52.29,20.93,1.0
52.264,20.886,1.0
52.144,20.909,1.0
52.262,20.892,1.0
52.253,20.932,1.0
52.301,20.94,1.0
52.07,20.873,1.0
52.262,21.166,1.0
52.296,21.02,1.0
52.361,21.137,1.0
52.203,21.008,1.0
52.215,21.322,1.0
52.344,21.029,1.0
52.244,21.078,1.0
52.175,21.063,1.0
52.065,20.926,1.0
52.256,20.749,1.0
52.268,20.877,1.0
52.286,21.074,1.0
52.209,21.263,1.0
52.257,21.0,1.0
52.192,20.952,1.0
52.224,21.206,1.0
52.353,20.944,1.0
52.268,20.984,1.0
52.23,21.051,1.0
52.066,20.93,1.0
52.268,20.982,1.0
52.215,21.121,1.0
52.195,20.887,1.0
52.354,21.028,1.0
52.27,20.981,1.0
52.201,21.057,1.0
52.28,20.949,1.0
52.188,20.915,1.0
52.131,21.064,1.0
52.284,20.904,1.0
52.256,20.761,1.0
52.207,20.969,1.0
52.238,21.056,1.0
52.168,20.909,1.0
52.156,20.955,1.0
52.184,21.287,1.0
52.168,21.038,1.0
52.067,20.844,1.0
52.175,21.01,1.0
52.327,20.904,1.0
52.189,20.989,1.0
52.24,21.115,1.0
52.327,20.941,1.0
52.371,20.929,1.0
52.158,21.12,1.0
52.13,20.987,1.0
52.142,21.056,1.0
52.167,21.221,1.0
52.208,21.01,1.0
52.26,20.689,1.0
52.261,20.951,1.0
52.254,20.954,1.0
52.181,21.137,1.0
52.167,20.908,1.0
52.285,20.971,1.0
52.088,21.048,1.0
52.282,20.992,1.0
52.26,20.692,1.0
52.216,20.855,1.0
52.19,21.047,1.0
52.07,21.017,1.0
52.256,20.783,1.0
52.26,20.698,1.0
52.182,21.134,1.0
52.231,20.83,1.0
52.172,20.911,1.0
52.198,20.989,1.0
52.237,20.942,1.0
52.167,21.035,1.0
52.375,20.807,1.0
52.217,20.98,1.0
52.372,21.029,1.0
52.128,20.991,1.0
52.26,20.695,1.0
52.28,20.993,1.0
52.156,20.99,1.0
52.195,21.007,1.0
52.171,20.974,1.0
52.231,20.827,1.0
52.17,20.91,1.0
52.376,20.804,1.0
52.469,21.087,1.0
52.377,20.8,1.0
52.327,20.905,1.0
52.258,20.949,1.0
52.161,21.106,1.0
52.078,21.096,1.0
52.191,21.002,1.0
52.161,20.905,1.0
52.323,20.939,1.0
52.271,20.833,1.0
52.308,21.035,1.0
52.16,21.117,1.0
52.278,20.923,1.0
52.173,21.033,1.0
52.16,20.904,1.0
52.377,20.797,1.0
52.18,21.289,1.0
52.299,20.903,1.0
52.099,20.885,1.0
52.378,20.791,1.0
52.246,21.072,1.0
52.222,21.273,1.0
52.177,21.034,1.0
52.261,20.683,1.0
52.174,21.036,1.0
52.202,21.001,1.0
52.325,20.909,1.0
52.301,20.783,1.0
52.229,20.964,1.0
52.337,21.117,1.0
52.291,20.836,1.0
52.372,20.928,1.0
52.24,20.933,1.0
52.134,21.1,1.0
52.131,21.063,1.0
52.077,20.967,1.0
52.26,20.95,1.0
52.163,21.084,1.0
52.165,20.907,1.0
52.231,21.034,1.0
52.162,21.027,1.0
52.095,20.884,1.0
52.373,20.927,1.0
52.227,20.969,1.0
52.256,21.06,1.0
52.098,21.125,1.0
52.162,21.049,1.0
52.28,21.045,1.0
52.163,20.906,1.0
52.255,21.037,1.0
52.321,20.94,1.0
52.063,20.845,1.0
52.09,20.882,1.0
52.187,21.285,1.0
52.196,20.884,1.0
52.253,21.151,1.0
52.256,20.765,1.0
52.164,20.992,1.0
52.247,21.021,1.0
52.095,21.053,1.0
52.229,20.842,1.0
52.171,20.919,1.0
52.192,21.278,1.0
52.188,21.05,1.0
52.204,20.925,1.0
52.075,20.84,1.0
52.248,21.197,1.0
52.333,21.03,1.0
52.35,20.946,1.0
52.258,20.708,1.0
52.206,20.97,1.0
52.125,21.103,1.0
52.26,20.962,1.0
52.205,21.02,1.0
52.23,20.839,1.0
52.172,20.916,1.0
52.213,20.872,1.0
52.33,21.03,1.0
52.136,20.899,1.0
52.17,20.924,1.0
52.291,20.95,1.0
52.239,20.966,1.0
52.185,21.165,1.0
52.183,20.99,1.0
52.086,21.021,1.0
52.168,20.93,1.0
52.16,21.041,1.0
52.217,20.871,1.0
52.212,20.747,1.0
52.175,21.197,1.0
52.321,20.948,1.0
52.268,20.934,1.0
52.246,21.022,1.0
52.228,20.846,1.0
52.387,20.904,1.0
52.184,21.167,1.0
52.198,21.012,1.0
52.169,20.927,1.0
52.392,20.926,1.0
52.301,21.04,1.0
52.261,21.165,1.0
52.256,20.716,1.0
52.29,20.932,1.0
52.178,21.008,1.0
52.187,21.05,1.0
52.259,20.705,1.0
52.173,20.912,1.0
52.373,20.818,1.0
52.267,21.174,1.0
52.291,20.937,1.0
52.072,20.967,1.0
52.193,20.973,1.0
52.272,21.171,1.0
52.257,20.898,1.0
52.189,21.282,1.0
52.203,21.066,1.0
52.087,20.88,1.0
52.211,20.765,1.0
52.268,21.177,1.0
52.085,20.88,1.0
52.184,21.182,1.0
52.192,20.977,1.0
52.138,21.06,1.0
52.273,21.171,1.0
52.165,21.035,1.0
52.089,20.881,1.0
52.374,20.812,1.0
52.087,21.121,1.0
52.275,21.171,1.0
52.316,20.954,1.0
52.169,20.999,1.0
52.271,20.862,1.0
52.271,20.996,1.0
52.251,21.041,1.0
52.262,21.016,1.0
52.173,20.914,1.0
52.324,21.057,1.0
52.073,20.841,1.0
52.21,20.913,1.0
52.306,20.772,1.0
52.07,20.964,1.0
52.212,21.027,1.0
52.191,20.954,1.0
52.27,20.861,1.0
52.317,20.95,1.0
52.217,20.893,1.0
52.071,20.842,1.0
52.084,20.879,1.0
52.235,21.129,1.0
52.365,20.934,1.0
52.266,21.172,1.0
52.241,20.986,1.0
52.152,21.188,1.0
52.208,21.163,1.0
52.212,21.019,1.0
52.27,21.17,1.0
52.13,21.083,1.0
52.255,20.724,1.0
52.093,20.931,1.0
52.253,20.808,1.0
52.252,21.037,1.0
52.309,21.006,1.0
52.286,20.93,1.0
52.14,21.059,1.0
52.335,20.977,1.0
52.087,20.946,1.0
52.306,21.061,1.0
52.219,21.094,1.0
52.207,21.047,1.0
52.125,20.875,1.0
52.33,20.941,1.0
52.303,21.01,1.0
52.255,21.155,1.0
52.228,21.085,1.0
52.252,21.003,1.0
52.126,20.874,1.0
52.21,21.17,1.0
52.321,20.947,1.0
52.351,21.256,1.0
52.151,21.064,1.0
52.163,21.024,1.0
52.281,20.958,1.0
52.26,21.024,1.0
52.178,21.033,1.0
52.143,21.022,1.0
52.193,21.061,1.0
52.224,21.03,1.0
52.274,20.941,1.0
52.203,20.927,1.0
52.231,20.967,1.0
52.261,20.917,1.0
52.264,21.022,1.0
52.28,20.835,1.0
52.216,20.867,1.0
52.308,21.074,1.0
52.087,21.019,1.0
52.31,20.972,1.0
52.163,21.027,1.0
52.308,21.07,1.0
52.088,20.94,1.0
52.246,20.958,1.0
52.305,21.055,1.0
52.2,20.914,1.0
52.264,21.02,1.0
52.237,21.057,1.0
52.278,20.835,1.0
52.123,20.872,1.0
52.216,20.87,1.0
52.197,20.883,1.0
52.133,21.074,1.0
52.226,20.941,1.0
52.272,20.834,1.0
52.167,21.205,1.0
52.282,20.925,1.0
52.261,20.684,1.0
52.184,20.885,1.0
52.316,21.01,1.0
52.275,21.164,1.0
52.138,21.053,1.0
52.253,20.812,1.0
52.307,21.078,1.0
52.197,20.905,1.0
52.239,21.052,1.0
52.191,21.075,1.0
52.193,20.943,1.0
52.083,20.96,1.0
52.253,20.809,1.0
52.208,21.164,1.0
52.213,21.072,1.0
52.368,20.942,1.0
52.332,21.113,1.0
52.271,20.935,1.0
52.292,20.842,1.0
52.146,21.14,1.0
52.276,21.167,1.0
52.326,21.284,1.0
52.277,20.956,1.0
52.157,21.078,1.0
52.27,20.95,1.0
52.3,21.012,1.0
52.077,21.102,1.0
52.314,20.969,1.0
52.224,21.226,1.0
52.132,21.071,1.0
52.263,21.048,1.0
52.212,21.167,1.0
52.319,20.95,1.0
52.334,21.243,1.0
52.314,21.003,1.0
52.314,20.922,1.0
52.155,20.991,1.0
52.307,21.07,1.0
52.212,21.159,1.0
52.314,21.004,1.0
52.062,21.014,1.0
52.19,20.89,1.0
52.267,20.981,1.0
52.194,20.94,1.0
52.315,21.005,1.0
52.183,21.045,1.0
52.261,20.682,1.0
52.263,20.671,1.0
52.334,20.98,1.0
52.305,21.009,1.0
52.062,21.013,1.0
52.169,21.038,1.0
52.252,20.981,1.0
52.174,20.942,1.0
52.221,20.922,1.0
52.321,20.913,1.0
52.225,21.093,1.0
52.322,20.972,1.0
52.181,21.071,1.0
52.263,20.657,1.0
52.249,20.833,1.0
52.273,21.043,1.0
52.409,21.176,1.0
52.266,20.943,1.0
52.136,21.073,1.0
52.407,21.175,1.0
52.446,21.003,1.0
52.174,20.979,1.0
52.251,20.98,1.0
52.173,20.94,1.0
52.299,20.883,1.0
52.145,21.026,1.0
52.251,21.082,1.0
52.204,20.986,1.0
52.263,20.969,1.0
52.263,20.66,1.0
52.263,20.652,1.0
52.282,20.991,1.0
52.127,21.096,1.0
52.258,21.043,1.0
52.198,20.903,1.0
52.229,20.95,1.0
52.23,21.027,1.0
52.178,20.978,1.0
52.03,20.873,1.0
52.308,21.09,1.0
52.322,20.966,1.0
52.247,20.916,1.0
52.069,21.025,1.0
52.398,20.939,1.0
52.274,21.015,1.0
52.172,21.08,1.0
52.247,21.137,1.0
52.355,21.257,1.0
52.308,21.088,1.0
52.185,21.219,1.0
52.263,20.655,1.0
52.247,20.922,1.0
52.061,21.011,1.0
52.295,20.878,1.0
52.25,20.831,1.0
52.307,21.074,1.0
52.091,21.019,1.0
52.237,20.967,1.0
52.248,20.929,1.0
52.177,21.037,1.0
52.264,20.923,1.0
52.277,20.945,1.0
52.227,21.093,1.0
52.403,21.171,1.0
52.449,21.006,1.0
52.297,20.889,1.0
52.307,21.071,1.0
52.325,20.97,1.0
52.078,21.095,1.0
52.334,20.982,1.0
52.088,20.937,1.0
52.263,20.668,1.0
52.249,20.934,1.0
52.137,21.06,1.0
52.283,21.01,1.0
52.401,21.17,1.0
52.451,21.008,1.0
52.272,20.97,1.0
52.182,20.982,1.0
52.263,20.665,1.0
52.09,20.935,1.0
52.158,21.047,1.0
52.272,21.069,1.0
52.198,20.958,1.0
52.148,21.035,1.0
52.231,21.25,1.0
52.267,20.941,1.0
52.248,21.132,1.0
52.447,21.004,1.0
52.213,20.978,1.0
52.299,20.884,1.0
52.227,21.147,1.0
52.301,21.011,1.0
52.237,20.969,1.0
52.223,21.033,1.0
52.303,21.086,1.0
52.199,20.957,1.0
52.251,21.066,1.0
52.294,21.03,1.0
52.268,20.939,1.0
52.183,20.952,1.0
52.224,21.211,1.0
52.236,21.124,1.0
52.223,21.235,1.0
52.179,20.996,1.0
52.26,21.016,1.0
52.249,20.956,1.0
52.061,20.919,1.0
52.307,21.08,1.0
52.135,20.895,1.0
52.351,21.039,1.0
52.081,20.982,1.0
52.258,20.71,1.0
52.317,20.955,1.0
52.211,20.95,1.0
52.188,20.967,1.0
52.239,21.057,1.0
52.229,21.007,1.0
52.059,20.913,1.0
52.22,21.091,1.0
52.199,21.055,1.0
52.178,20.909,1.0
52.367,21.028,1.0
52.377,21.149,1.0
52.23,21.014,1.0
52.263,21.015,1.0
52.261,21.148,1.0
52.285,20.992,1.0
52.274,20.908,1.0
52.059,20.916,1.0
52.257,20.715,1.0
52.195,21.167,1.0
52.263,21.02,1.0
52.246,21.012,1.0
52.17,21.066,1.0
52.257,20.901,1.0
52.283,20.984,1.0
52.255,20.791,1.0
52.162,21.036,1.0
52.198,21.169,1.0
52.053,21.003,1.0
52.221,21.085,1.0
52.096,21.03,1.0
52.408,21.176,1.0
52.262,20.954,1.0
52.259,20.835,1.0
52.329,21.26,1.0
52.213,21.052,1.0
52.193,21.06,1.0
52.277,20.98,1.0
52.255,20.788,1.0
52.209,21.079,1.0
52.18,21.012,1.0
52.33,21.031,1.0
52.081,20.978,1.0
52.259,20.706,1.0
52.255,20.786,1.0
52.259,21.008,1.0
52.151,21.017,1.0
52.177,20.911,1.0
52.366,21.028,1.0
52.255,20.721,1.0
52.257,20.766,1.0
52.173,21.024,1.0
52.23,21.116,1.0
52.218,21.255,1.0
52.217,20.899,1.0
52.226,21.066,1.0
52.251,21.004,1.0
52.356,20.867,1.0
52.191,21.076,1.0
52.328,20.99,1.0
52.192,21.157,1.0
52.201,21.024,1.0
52.229,21.115,1.0
52.156,21.089,1.0
52.216,21.256,1.0
52.259,21.002,1.0
52.356,20.865,1.0
52.171,21.067,1.0
52.204,21.023,1.0
52.27,21.143,1.0
52.268,20.959,1.0
52.287,20.993,1.0
52.083,20.999,1.0
52.241,21.066,1.0
52.238,21.048,1.0
52.25,21.236,1.0
52.354,20.873,1.0
52.288,20.872,1.0
52.225,21.084,1.0
52.203,20.896,1.0
52.194,21.163,1.0
52.232,21.12,1.0
52.153,21.018,1.0
52.301,21.058,1.0
52.24,21.012,1.0
52.228,20.903,1.0
52.338,21.029,1.0
52.18,21.003,1.0
52.246,20.983,1.0
52.275,21.142,1.0
52.223,20.999,1.0
52.082,20.996,1.0
52.257,20.768,1.0
52.231,21.118,1.0
52.15,21.059,1.0
52.416,21.179,1.0
52.204,21.073,1.0
52.217,20.902,1.0
52.156,21.026,1.0
52.227,21.018,1.0
52.33,21.262,1.0
52.164,21.209,1.0
52.213,20.989,1.0
52.264,21.091,1.0
52.334,20.971,1.0
52.26,20.691,1.0
52.254,20.801,1.0
52.226,21.166,1.0
52.222,21.07,1.0
52.2,21.173,1.0
52.388,21.158,1.0
52.174,21.064,1.0
52.322,20.957,1.0
52.253,20.803,1.0
52.159,21.037,1.0
52.222,21.073,1.0
52.306,20.949,1.0
52.099,20.82,1.0
52.13,20.887,1.0
52.219,21.164,1.0
52.243,21.098,1.0
52.219,21.022,1.0
52.332,21.272,1.0
52.175,21.044,1.0
52.289,21.077,1.0
52.206,20.888,1.0
52.264,21.004,1.0
52.083,20.963,1.0
52.189,20.997,1.0
52.154,21.068,1.0
52.06,21.01,1.0
52.223,21.061,1.0
52.331,21.111,1.0
52.272,20.937,1.0
52.266,20.827,1.0
52.103,20.829,1.0
52.19,21.078,1.0
52.256,21.02,1.0
52.27,20.997,1.0
52.36,21.042,1.0
52.204,20.942,1.0
52.222,21.063,1.0
52.365,20.945,1.0
52.19,20.901,1.0
52.264,21.044,1.0
52.102,20.827,1.0
52.043,20.863,1.0
52.216,20.891,1.0
52.33,21.278,1.0
52.253,21.023,1.0
52.279,21.171,1.0
52.16,21.037,1.0
52.224,21.204,1.0
52.051,20.866,1.0
52.331,21.267,1.0
52.339,21.238,1.0
52.275,20.919,1.0
52.207,21.134,1.0
52.252,21.063,1.0
52.081,20.972,1.0
52.221,21.08,1.0
52.268,21.033,1.0
52.303,20.943,1.0
52.223,21.244,1.0
52.254,20.793,1.0
52.262,20.83,1.0
52.2,21.168,1.0
52.221,21.083,1.0
52.266,21.029,1.0
52.223,21.246,1.0
52.284,20.98,1.0
52.383,21.154,1.0
52.233,21.11,1.0
52.26,20.833,1.0
52.196,20.864,1.0
52.194,21.049,1.0
52.049,20.865,1.0
52.247,20.999,1.0
52.154,21.017,1.0
52.339,21.24,1.0
52.286,20.988,1.0
52.271,20.937,1.0
52.246,21.033,1.0
52.254,21.053,1.0
52.24,21.042,1.0
52.304,21.047,1.0
52.187,21.046,1.0
52.131,20.889,1.0
52.184,21.18,1.0
52.331,21.269,1.0
52.225,21.02,1.0
52.223,21.241,1.0
52.276,20.922,1.0
52.281,21.172,1.0
52.324,20.961,1.0
52.259,20.699,1.0
52.21,21.076,1.0
52.238,20.956,1.0
52.267,20.962,1.0
52.055,21.007,1.0
52.221,21.078,1.0
52.187,20.956,1.0
52.21,20.98,1.0
